mission_id,software_version,git_commit,timestamp_utc,anonymous_session_id,trial_number,rotation_block_number,rotation_block_position,scheduled_trial_count,full_design_trial_count,scheduled_rotation_block_count,rotation_block_repetitions,use_trial_subset,condition_id,condition_order_index,varied_inner_direction_deg,center_minus_inner_direction_deg,common_global_rotation_deg,displayed_center_direction_deg,displayed_inner_direction_deg,displayed_outer_direction_deg,fixed_center_velocity_x_deg_s,fixed_center_velocity_y_deg_s,displayed_center_velocity_x_deg_s,displayed_center_velocity_y_deg_s,inner_velocity_x_deg_s,inner_velocity_y_deg_s,outer_velocity_x_deg_s,outer_velocity_y_deg_s,fixed_outer_minus_inner_x_deg_s,fixed_outer_minus_inner_y_deg_s,displayed_outer_minus_inner_x_deg_s,displayed_outer_minus_inner_y_deg_s,coherence_percent,configured_coherence_values_percent,center_signal_dot_count,inner_signal_dot_count,outer_signal_dot_count,surround_colors_swapped,center_color_rgb,inner_color_rgb,outer_color_rgb,random_seed,participant_response_absolute_deg,participant_response_center_normalized_deg,participant_response_deg,expected_response_deg,expected_response_definition,expected_retinal_deg,expected_segmentation_deg,expected_response_absolute_deg,expected_retinal_absolute_deg,expected_segmentation_absolute_deg,response_error_deg,adjustment_time_s,response_hold_event_count,response_max_hold_duration_s,response_peak_hold_speed_deg_s,response_total_hold_rotation_deg,aborted,valid,abort_stage,simulated,data_label,requested_frame_interval_s,observed_mean_frame_interval_s,observed_max_frame_interval_s,dropped_frame_count,measured_refresh_hz,screen_number,screen_selection_reason,screen_width_px,screen_height_px,window_width_px,window_height_px,physical_width_mm,physical_height_mm,viewing_distance_cm,pixels_per_degree,used_fallback_pixels_per_degree,fullscreen,eye_tracking,fixation_verified,matlab_version,psychtoolbox_version,machine_architecture
RS-MISSION-20260806-JP-TWO-GROUP-MOTION-DEMO,0.6.0,uncommitted,2026-08-26T19:52:38.211Z,ANON-20260826-145233-583,1,1,1,144,144,6,2,0,G03,2,-3,3,0,0,-3,59.2319288065877,0.5,0,0.5,0,0.5,-0.0262038896415206,0.5,0.839821514142918,0,0.866025403784439,0,0.866025403784439,50,[33 50 100],5,25,125,1,[0 250 0],[0 153 255],[255 0 0],20260806,60.7235808342228,60.7235808342228,60.7235808342228,-90,integration hypothesis: center+inner group relative to outer; not an objectively correct answer,0,90,-90,0,90,150.723580834223,1.30182409984991,1,0.566684300079942,98.002116009593,26.3492185725403,0,1,,0,NONE,0.0166957220016047,0.016621927501789,0.018908099969849,0,59.8955828267794,2,preferred-external-screen,1920,1080,1100,800,598,336,60,36.2419979414704,0,0,0,0,25.1.0.2943329 (R2025a),"3.0.19 - Flavor: Manual Install, 03-Jun-2025 15:56:55",win64
RS-MISSION-20260806-JP-TWO-GROUP-MOTION-DEMO,0.6.0,uncommitted,2026-08-26T19:52:43.569Z,ANON-20260826-145233-583,2,1,2,144,144,6,2,0,G00,1,-0,0,0,0,0,60,0.5,0,0.5,0,0.5,0,0.5,0.866025403784439,0,0.866025403784439,0,0.866025403784439,33,[33 50 100],3,17,83,1,[0 250 0],[0 153 255],[255 0 0],20260806,-108.903175748841,-108.903175748841,-108.903175748841,-90,integration hypothesis: center+inner group relative to outer; not an objectively correct answer,0,NaN,-90,0,NaN,-18.9031757488407,2.53590160002932,2,0.935949500184506,142.313940022141,104.152603621523,0,1,,0,NONE,0.0166957220016047,0.0166833546235688,0.0179502000100911,0,59.8955828267794,2,preferred-external-screen,1920,1080,1100,800,598,336,60,36.2419979414704,0,0,0,0,25.1.0.2943329 (R2025a),"3.0.19 - Flavor: Manual Install, 03-Jun-2025 15:56:55",win64
RS-MISSION-20260806-JP-TWO-GROUP-MOTION-DEMO,0.6.0,uncommitted,2026-08-26T19:52:48.079Z,ANON-20260826-145233-583,3,1,3,144,144,6,2,0,G15,5,-15,15,0,0,-15,55.6664276634133,0.5,0,0.5,0,0.5,-0.133974596215561,0.5,0.732050807568877,0,0.866025403784439,0,0.866025403784439,100,[33 50 100],10,50,250,0,[0 250 0],[255 0 0],[0 153 255],20260806,-135.098474929286,-135.098474929286,-135.098474929286,-90,integration hypothesis: center+inner group relative to outer; not an objectively correct answer,0,90,-90,0,90,-45.0984749292863,1.58491869992577,1,0.900945300003514,138.113436000422,66.0417879452341,0,1,,0,NONE,0.0166957220016047,0.0166917408331453,0.0194994998164475,0,59.8955828267794,2,preferred-external-screen,1920,1080,1100,800,598,336,60,36.2419979414704,0,0,0,0,25.1.0.2943329 (R2025a),"3.0.19 - Flavor: Manual Install, 03-Jun-2025 15:56:55",win64
RS-MISSION-20260806-JP-TWO-GROUP-MOTION-DEMO,0.6.0,uncommitted,2026-08-26T19:52:53.170Z,ANON-20260826-145233-583,4,1,4,144,144,6,2,0,G15,5,-15,15,0,0,-15,55.6664276634133,0.5,0,0.5,0,0.5,-0.133974596215561,0.5,0.732050807568877,0,0.866025403784439,0,0.866025403784439,33,[33 50 100],3,17,83,0,[0 250 0],[255 0 0],[0 153 255],20260806,53.5775728456425,53.5775728456425,53.5775728456425,-90,integration hypothesis: center+inner group relative to outer; not an objectively correct answer,0,90,-90,0,90,143.577572845642,2.16779999993742,1,0.934953299816698,142.194395978004,70.8785343766409,0,1,,0,NONE,0.0166957220016047,0.0166402791665557,0.0179711999371648,0,59.8955828267794,2,preferred-external-screen,1920,1080,1100,800,598,336,60,36.2419979414704,0,0,0,0,25.1.0.2943329 (R2025a),"3.0.19 - Flavor: Manual Install, 03-Jun-2025 15:56:55",win64
RS-MISSION-20260806-JP-TWO-GROUP-MOTION-DEMO,0.6.0,uncommitted,2026-08-26T19:53:01.573Z,ANON-20260826-145233-583,5,1,5,144,144,6,2,0,G05,3,-5,5,0,0,-5,58.6976969629121,0.5,0,0.5,0,0.5,-0.043744331762962,0.5,0.822281072021477,0,0.866025403784439,0,0.866025403784439,33,[33 50 100],3,17,83,0,[0 250 0],[255 0 0],[0 153 255],20260806,120.206045280992,120.206045280992,120.206045280992,-90,integration hypothesis: center+inner group relative to outer; not an objectively correct answer,0,90,-90,0,90,-149.793954719008,5.53507340000942,1,0.983165899990126,147.979907998815,77.9831126130368,0,1,,0,NONE,0.0166957220016047,0.0166338866654163,0.0184923999477178,0,59.8955828267794,2,preferred-external-screen,1920,1080,1100,800,598,336,60,36.2419979414704,0,0,0,0,25.1.0.2943329 (R2025a),"3.0.19 - Flavor: Manual Install, 03-Jun-2025 15:56:55",win64
RS-MISSION-20260806-JP-TWO-GROUP-MOTION-DEMO,0.6.0,uncommitted,2026-08-26T19:53:06.404Z,ANON-20260826-145233-583,6,1,6,144,144,6,2,0,G20,6,-20,20,0,0,-20,53.8350223319301,0.5,0,0.5,0,0.5,-0.181985117133101,0.5,0.684040286651337,0,0.866025403784439,0,0.866025403784439,33,[33 50 100],3,17,83,1,[0 250 0],[0 153 255],[255 0 0],20260806,-26.9916658412836,-26.9916658412836,-26.9916658412836,-90,integration hypothesis: center+inner group relative to outer; not an objectively correct answer,0,90,-90,0,90,63.0083341587164,1.96829460002482,1,1.13424409995787,166.109291994944,101.919809927723,0,1,,0,NONE,0.0166957220016047,0.0166290750009163,0.0180235998705029,0,59.8955828267794,2,preferred-external-screen,1920,1080,1100,800,598,336,60,36.2419979414704,0,0,0,0,25.1.0.2943329 (R2025a),"3.0.19 - Flavor: Manual Install, 03-Jun-2025 15:56:55",win64
RS-MISSION-20260806-JP-TWO-GROUP-MOTION-DEMO,0.6.0,uncommitted,2026-08-26T19:53:11.704Z,ANON-20260826-145233-583,7,1,7,144,144,6,2,0,G20,6,-20,20,0,0,-20,53.8350223319301,0.5,0,0.5,0,0.5,-0.181985117133101,0.5,0.684040286651337,0,0.866025403784439,0,0.866025403784439,50,[33 50 100],5,25,125,0,[0 250 0],[255 0 0],[0 153 255],20260806,-138.876876568689,-138.876876568689,-138.876876568689,-90,integration hypothesis: center+inner group relative to outer; not an objectively correct answer,0,90,-90,0,90,-48.8768765686887,2.4361524998676,1,1.66821440006606,230.185728007928,208.193702696458,0,1,,0,NONE,0.0166957220016047,0.0166184933332261,0.0190200998913497,0,59.8955828267794,2,preferred-external-screen,1920,1080,1100,800,598,336,60,36.2419979414704,0,0,0,0,25.1.0.2943329 (R2025a),"3.0.19 - Flavor: Manual Install, 03-Jun-2025 15:56:55",win64
RS-MISSION-20260806-JP-TWO-GROUP-MOTION-DEMO,0.6.0,uncommitted,2026-08-26T19:53:17.117Z,ANON-20260826-145233-583,8,1,8,144,144,6,2,0,G10,4,-10,10,0,0,-10,57.2675927903877,0.5,0,0.5,0,0.5,-0.0881634903542325,0.5,0.777861913430206,0,0.866025403784439,0,0.866025403784439,33,[33 50 100],3,17,83,1,[0 250 0],[0 153 255],[255 0 0],20260806,86.9599294781216,86.9599294781216,86.9599294781216,-90,integration hypothesis: center+inner group relative to outer; not an objectively correct answer,0,90,-90,0,90,176.959929478122,2.51928909984417,1,1.45188680011779,204.226416014135,160.966568721852,0,1,,0,NONE,0.0166957220016047,0.0166615199996158,0.0181024998892099,0,59.8955828267794,2,preferred-external-screen,1920,1080,1100,800,598,336,60,36.2419979414704,0,0,0,0,25.1.0.2943329 (R2025a),"3.0.19 - Flavor: Manual Install, 03-Jun-2025 15:56:55",win64
RS-MISSION-20260806-JP-TWO-GROUP-MOTION-DEMO,0.6.0,uncommitted,2026-08-26T19:53:21.026Z,ANON-20260826-145233-583,9,1,9,144,144,6,2,0,G00,1,-0,0,0,0,0,60,0.5,0,0.5,0,0.5,0,0.5,0.866025403784439,0,0.866025403784439,0,0.866025403784439,50,[33 50 100],5,25,125,1,[0 250 0],[0 153 255],[255 0 0],20260806,164.137041767268,164.137041767268,164.137041767268,-90,integration hypothesis: center+inner group relative to outer; not an objectively correct answer,0,NaN,-90,0,NaN,-105.862958232732,1.05006600008346,1,0.367657800205052,74.1189360246062,8.92545873943195,0,1,,0,NONE,0.0166957220016047,0.0166869310920416,0.0189515000674874,0,59.8955828267794,2,preferred-external-screen,1920,1080,1100,800,598,336,60,36.2419979414704,0,0,0,0,25.1.0.2943329 (R2025a),"3.0.19 - Flavor: Manual Install, 03-Jun-2025 15:56:55",win64
RS-MISSION-20260806-JP-TWO-GROUP-MOTION-DEMO,0.6.0,uncommitted,2026-08-26T19:53:26.108Z,ANON-20260826-145233-583,10,1,10,144,144,6,2,0,G20,6,-20,20,0,0,-20,53.8350223319301,0.5,0,0.5,0,0.5,-0.181985117133101,0.5,0.684040286651337,0,0.866025403784439,0,0.866025403784439,100,[33 50 100],10,50,250,1,[0 250 0],[0 153 255],[255 0 0],20260806,153.389338921963,153.389338921963,153.389338921963,-90,integration hypothesis: center+inner group relative to outer; not an objectively correct answer,0,90,-90,0,90,-116.610661078037,2.167687300127,1,1.40222869999707,198.267443999648,150.859747698397,0,1,,0,NONE,0.0166957220016047,0.0166958816659947,0.01939080003649,0,59.8955828267794,2,preferred-external-screen,1920,1080,1100,800,598,336,60,36.2419979414704,0,0,0,0,25.1.0.2943329 (R2025a),"3.0.19 - Flavor: Manual Install, 03-Jun-2025 15:56:55",win64
RS-MISSION-20260806-JP-TWO-GROUP-MOTION-DEMO,0.6.0,uncommitted,2026-08-26T19:53:31.594Z,ANON-20260826-145233-583,11,1,11,144,144,6,2,0,G05,3,-5,5,0,0,-5,58.6976969629121,0.5,0,0.5,0,0.5,-0.043744331762962,0.5,0.822281072021477,0,0.866025403784439,0,0.866025403784439,50,[33 50 100],5,25,125,0,[0 250 0],[255 0 0],[0 153 255],20260806,-37.7037050850975,-37.7037050850975,-37.7037050850975,-90,integration hypothesis: center+inner group relative to outer; not an objectively correct answer,0,90,-90,0,90,52.2962949149025,2.60310139996,1,1.6183704000432,224.204448005185,196.826256062654,0,1,,0,NONE,0.0166957220016047,0.0166824092431103,0.0179616999812424,0,59.8955828267794,2,preferred-external-screen,1920,1080,1100,800,598,336,60,36.2419979414704,0,0,0,0,25.1.0.2943329 (R2025a),"3.0.19 - Flavor: Manual Install, 03-Jun-2025 15:56:55",win64
RS-MISSION-20260806-JP-TWO-GROUP-MOTION-DEMO,0.6.0,uncommitted,2026-08-26T19:53:36.720Z,ANON-20260826-145233-583,12,1,12,144,144,6,2,0,G10,4,-10,10,0,0,-10,57.2675927903877,0.5,0,0.5,0,0.5,-0.0881634903542325,0.5,0.777861913430206,0,0.866025403784439,0,0.866025403784439,50,[33 50 100],5,25,125,0,[0 250 0],[255 0 0],[0 153 255],20260806,136.733203868919,136.733203868919,136.733203868919,-90,integration hypothesis: center+inner group relative to outer; not an objectively correct answer,0,90,-90,0,90,-133.266796131081,2.21921989996918,1,1.46674209996127,206.009051995352,163.094643763056,0,1,,0,NONE,0.0166957220016047,0.0166292291677867,0.0187890001107007,0,59.8955828267794,2,preferred-external-screen,1920,1080,1100,800,598,336,60,36.2419979414704,0,0,0,0,25.1.0.2943329 (R2025a),"3.0.19 - Flavor: Manual Install, 03-Jun-2025 15:56:55",win64
RS-MISSION-20260806-JP-TWO-GROUP-MOTION-DEMO,0.6.0,uncommitted,2026-08-26T19:53:41.674Z,ANON-20260826-145233-583,13,1,13,144,144,6,2,0,G30,7,-30,30,0,0,-30,49.1066053508691,0.5,0,0.5,0,0.5,-0.288675134594813,0.5,0.577350269189626,0,0.866025403784439,0,0.866025403784439,100,[33 50 100],10,50,250,1,[0 250 0],[0 153 255],[255 0 0],20260806,-124.421075893914,-124.421075893914,-124.421075893914,-90,integration hypothesis: center+inner group relative to outer; not an objectively correct answer,0,90,-90,0,90,-34.4210758939136,2.0689556999132,1,1.36804109998047,194.164931997657,144.183280864034,0,1,,0,NONE,0.0166957220016047,0.0166822008401187,0.0186876999214292,0,59.8955828267794,2,preferred-external-screen,1920,1080,1100,800,598,336,60,36.2419979414704,0,0,0,0,25.1.0.2943329 (R2025a),"3.0.19 - Flavor: Manual Install, 03-Jun-2025 15:56:55",win64
RS-MISSION-20260806-JP-TWO-GROUP-MOTION-DEMO,0.6.0,uncommitted,2026-08-26T19:53:47.393Z,ANON-20260826-145233-583,14,1,14,144,144,6,2,0,G10,4,-10,10,0,0,-10,57.2675927903877,0.5,0,0.5,0,0.5,-0.0881634903542325,0.5,0.777861913430206,0,0.866025403784439,0,0.866025403784439,100,[33 50 100],10,50,250,0,[0 250 0],[255 0 0],[0 153 255],20260806,-89.4575495616104,-89.4575495616104,-89.4575495616104,-90,integration hypothesis: center+inner group relative to outer; not an objectively correct answer,0,90,-90,0,90,0.542450438389551,2.80438570003025,2,1.25217240001075,180.26068800129,164.924111728807,0,1,,0,NONE,0.0166957220016047,0.0166782791668084,0.0183860000688583,0,59.8955828267794,2,preferred-external-screen,1920,1080,1100,800,598,336,60,36.2419979414704,0,0,0,0,25.1.0.2943329 (R2025a),"3.0.19 - Flavor: Manual Install, 03-Jun-2025 15:56:55",win64
RS-MISSION-20260806-JP-TWO-GROUP-MOTION-DEMO,0.6.0,uncommitted,2026-08-26T19:53:52.516Z,ANON-20260826-145233-583,15,1,15,144,144,6,2,0,G00,1,-0,0,0,0,0,60,0.5,0,0.5,0,0.5,0,0.5,0.866025403784439,0,0.866025403784439,0,0.866025403784439,100,[33 50 100],10,50,250,0,[0 250 0],[255 0 0],[0 153 255],20260806,177.716234261461,177.716234261461,177.716234261461,-90,integration hypothesis: center+inner group relative to outer; not an objectively correct answer,0,NaN,-90,0,NaN,-92.2837657385393,2.25184440007433,1,1.56885499996133,218.26259999536,185.762764471964,0,1,,0,NONE,0.0166957220016047,0.0166228633335171,0.0184289000462741,0,59.8955828267794,2,preferred-external-screen,1920,1080,1100,800,598,336,60,36.2419979414704,0,0,0,0,25.1.0.2943329 (R2025a),"3.0.19 - Flavor: Manual Install, 03-Jun-2025 15:56:55",win64
RS-MISSION-20260806-JP-TWO-GROUP-MOTION-DEMO,0.6.0,uncommitted,2026-08-26T19:53:56.837Z,ANON-20260826-145233-583,16,1,16,144,144,6,2,0,G45,8,-45,45,0,0,-45,36.2060231130031,0.5,0,0.5,0,0.5,-0.5,0.5,0.366025403784439,0,0.866025403784439,0,0.866025403784439,50,[33 50 100],5,25,125,0,[0 250 0],[255 0 0],[0 153 255],20260806,58.5450116581464,58.5450116581464,58.5450116581464,-90,integration hypothesis: center+inner group relative to outer; not an objectively correct answer,0,90,-90,0,90,148.545011658146,1.4352227000054,1,0.566756900167093,98.0108280200511,26.3630025134298,0,1,,0,NONE,0.0166957220016047,0.016620252498736,0.0182066999841481,0,59.8955828267794,2,preferred-external-screen,1920,1080,1100,800,598,336,60,36.2419979414704,0,0,0,0,25.1.0.2943329 (R2025a),"3.0.19 - Flavor: Manual Install, 03-Jun-2025 15:56:55",win64
RS-MISSION-20260806-JP-TWO-GROUP-MOTION-DEMO,0.6.0,uncommitted,2026-08-26T19:54:01.074Z,ANON-20260826-145233-583,17,1,17,144,144,6,2,0,G05,3,-5,5,0,0,-5,58.6976969629121,0.5,0,0.5,0,0.5,-0.043744331762962,0.5,0.822281072021477,0,0.866025403784439,0,0.866025403784439,100,[33 50 100],10,50,250,0,[0 250 0],[255 0 0],[0 153 255],20260806,154.764361830524,154.764361830524,154.764361830524,-90,integration hypothesis: center+inner group relative to outer; not an objectively correct answer,0,90,-90,0,90,-115.235638169476,1.36822990002111,1,0.868034899933264,134.164187991992,61.5871697406049,0,1,,0,NONE,0.0166957220016047,0.0166272133336558,0.0192505000159144,0,59.8955828267794,2,preferred-external-screen,1920,1080,1100,800,598,336,60,36.2419979414704,0,0,0,0,25.1.0.2943329 (R2025a),"3.0.19 - Flavor: Manual Install, 03-Jun-2025 15:56:55",win64
RS-MISSION-20260806-JP-TWO-GROUP-MOTION-DEMO,0.6.0,uncommitted,2026-08-26T19:54:06.075Z,ANON-20260826-145233-583,18,1,18,144,144,6,2,0,G45,8,-45,45,0,0,-45,36.2060231130031,0.5,0,0.5,0,0.5,-0.5,0.5,0.366025403784439,0,0.866025403784439,0,0.866025403784439,33,[33 50 100],3,17,83,1,[0 250 0],[0 153 255],[255 0 0],20260806,56.2281263259589,56.2281263259589,56.2281263259589,-90,integration hypothesis: center+inner group relative to outer; not an objectively correct answer,0,90,-90,0,90,146.228126325959,2.13407380017452,1,1.40179009991698,198.214811990038,150.884551051914,0,1,,0,NONE,0.0166957220016047,0.0166365283347356,0.0181966000236571,0,59.8955828267794,2,preferred-external-screen,1920,1080,1100,800,598,336,60,36.2419979414704,0,0,0,0,25.1.0.2943329 (R2025a),"3.0.19 - Flavor: Manual Install, 03-Jun-2025 15:56:55",win64
RS-MISSION-20260806-JP-TWO-GROUP-MOTION-DEMO,0.6.0,uncommitted,2026-08-26T19:54:10.773Z,ANON-20260826-145233-583,19,1,19,144,144,6,2,0,G45,8,-45,45,0,0,-45,36.2060231130031,0.5,0,0.5,0,0.5,-0.5,0.5,0.366025403784439,0,0.866025403784439,0,0.866025403784439,100,[33 50 100],10,50,250,1,[0 250 0],[0 153 255],[255 0 0],20260806,73.9420136096753,73.9420136096753,73.9420136096753,-90,integration hypothesis: center+inner group relative to outer; not an objectively correct answer,0,90,-90,0,90,163.942013609675,1.78525359998457,1,0.851334099890664,132.16009198688,59.3369769119712,0,1,,0,NONE,0.0166957220016047,0.016672134998953,0.0188564998097718,0,59.8955828267794,2,preferred-external-screen,1920,1080,1100,800,598,336,60,36.2419979414704,0,0,0,0,25.1.0.2943329 (R2025a),"3.0.19 - Flavor: Manual Install, 03-Jun-2025 15:56:55",win64
RS-MISSION-20260806-JP-TWO-GROUP-MOTION-DEMO,0.6.0,uncommitted,2026-08-26T19:54:14.710Z,ANON-20260826-145233-583,20,1,20,144,144,6,2,0,G15,5,-15,15,0,0,-15,55.6664276634133,0.5,0,0.5,0,0.5,-0.133974596215561,0.5,0.732050807568877,0,0.866025403784439,0,0.866025403784439,50,[33 50 100],5,25,125,1,[0 250 0],[0 153 255],[255 0 0],20260806,152.550116632157,152.550116632157,152.550116632157,-90,integration hypothesis: center+inner group relative to outer; not an objectively correct answer,0,90,-90,0,90,-117.449883367843,1.05119000002742,1,0.451370199909434,84.164423989132,15.6923206982081,0,1,,0,NONE,0.0166957220016047,0.0166875033623719,0.0187837001867592,0,59.8955828267794,2,preferred-external-screen,1920,1080,1100,800,598,336,60,36.2419979414704,0,0,0,0,25.1.0.2943329 (R2025a),"3.0.19 - Flavor: Manual Install, 03-Jun-2025 15:56:55",win64
RS-MISSION-20260806-JP-TWO-GROUP-MOTION-DEMO,0.6.0,uncommitted,2026-08-26T19:54:19.539Z,ANON-20260826-145233-583,21,1,21,144,144,6,2,0,G30,7,-30,30,0,0,-30,49.1066053508691,0.5,0,0.5,0,0.5,-0.288675134594813,0.5,0.577350269189626,0,0.866025403784439,0,0.866025403784439,33,[33 50 100],3,17,83,1,[0 250 0],[0 153 255],[255 0 0],20260806,64.2322405709979,64.2322405709979,64.2322405709979,-90,integration hypothesis: center+inner group relative to outer; not an objectively correct answer,0,90,-90,0,90,154.232240570998,1.93489030003548,1,1.16675260011107,170.010312013328,106.351638718847,0,1,,0,NONE,0.0166957220016047,0.0166854983207402,0.0183923000004143,0,59.8955828267794,2,preferred-external-screen,1920,1080,1100,800,598,336,60,36.2419979414704,0,0,0,0,25.1.0.2943329 (R2025a),"3.0.19 - Flavor: Manual Install, 03-Jun-2025 15:56:55",win64
RS-MISSION-20260806-JP-TWO-GROUP-MOTION-DEMO,0.6.0,uncommitted,2026-08-26T19:54:25.202Z,ANON-20260826-145233-583,22,1,22,144,144,6,2,0,G03,2,-3,3,0,0,-3,59.2319288065877,0.5,0,0.5,0,0.5,-0.0262038896415206,0.5,0.839821514142918,0,0.866025403784439,0,0.866025403784439,100,[33 50 100],10,50,250,0,[0 250 0],[255 0 0],[0 153 255],20260806,135.880597740019,135.880597740019,135.880597740019,-90,integration hypothesis: center+inner group relative to outer; not an objectively correct answer,0,90,-90,0,90,-134.119402259981,2.80366480001248,2,1.18415919994004,172.099103992805,129.288138775795,0,1,,0,NONE,0.0166957220016047,0.0166683499992359,0.0180364998523146,0,59.8955828267794,2,preferred-external-screen,1920,1080,1100,800,598,336,60,36.2419979414704,0,0,0,0,25.1.0.2943329 (R2025a),"3.0.19 - Flavor: Manual Install, 03-Jun-2025 15:56:55",win64
RS-MISSION-20260806-JP-TWO-GROUP-MOTION-DEMO,0.6.0,uncommitted,2026-08-26T19:54:43.405Z,ANON-20260826-145233-583,23,1,23,144,144,6,2,0,G30,7,-30,30,0,0,-30,49.1066053508691,0.5,0,0.5,0,0.5,-0.288675134594813,0.5,0.577350269189626,0,0.866025403784439,0,0.866025403784439,50,[33 50 100],5,25,125,1,[0 250 0],[0 153 255],[255 0 0],20260806,75.3006570826107,75.3006570826107,75.3006570826107,-90,integration hypothesis: center+inner group relative to outer; not an objectively correct answer,0,90,-90,0,90,165.300657082611,15.3482911998872,1,0.882993499981239,135.959219997749,63.6353935270559,0,1,,0,NONE,0.0166957220016047,0.0166759134461994,0.0178988999687135,0,59.8955828267794,2,preferred-external-screen,1920,1080,1100,800,598,336,60,36.2419979414704,0,0,0,0,25.1.0.2943329 (R2025a),"3.0.19 - Flavor: Manual Install, 03-Jun-2025 15:56:55",win64
RS-MISSION-20260806-JP-TWO-GROUP-MOTION-DEMO,0.6.0,uncommitted,2026-08-26T19:58:12.870Z,ANON-20260826-145233-583,24,1,24,144,144,6,2,0,G03,2,-3,3,0,0,-3,59.2319288065877,0.5,0,0.5,0,0.5,-0.0262038896415206,0.5,0.839821514142918,0,0.866025403784439,0,0.866025403784439,33,[33 50 100],3,17,83,0,[0 250 0],[255 0 0],[0 153 255],20260806,165.234869834219,165.234869834219,165.234869834219,-90,integration hypothesis: center+inner group relative to outer; not an objectively correct answer,0,90,-90,0,90,-104.765130165781,206.594937399961,2,1.55100980005227,216.121176006272,193.716976892438,0,1,,0,NONE,0.0166957220016047,0.0166833067230661,0.0190779999829829,0,59.8955828267794,2,preferred-external-screen,1920,1080,1100,800,598,336,60,36.2419979414704,0,0,0,0,25.1.0.2943329 (R2025a),"3.0.19 - Flavor: Manual Install, 03-Jun-2025 15:56:55",win64
RS-MISSION-20260806-JP-TWO-GROUP-MOTION-DEMO,0.6.0,uncommitted,2026-08-26T19:58:17.158Z,ANON-20260826-145233-583,25,2,1,144,144,6,2,0,G20,6,-20,20,120,120,100,173.83502233193,0.5,0,-0.25,0.433012701892219,-0.0923962654520477,0.52400526045877,-0.842396265452048,0.0909925585665506,0,0.866025403784439,-0.75,-0.433012701892219,33,[33 50 100],3,17,83,1,[0 250 0],[0 153 255],[255 0 0],20260806,-170.534038223998,69.4659617760019,69.4659617760019,-90,integration hypothesis: center+inner group relative to outer; not an objectively correct answer,0,90,30,120,-150,159.465961776002,1.43588000000454,1,0.416646600002423,79.9975920002908,12.8363860806567,0,1,,0,NONE,0.0166957220016047,0.0166826957989359,0.0179919002112001,0,59.8955828267794,2,preferred-external-screen,1920,1080,1100,800,598,336,60,36.2419979414704,0,0,0,0,25.1.0.2943329 (R2025a),"3.0.19 - Flavor: Manual Install, 03-Jun-2025 15:56:55",win64
RS-MISSION-20260806-JP-TWO-GROUP-MOTION-DEMO,0.6.0,uncommitted,2026-08-26T19:58:22.136Z,ANON-20260826-145233-583,26,2,2,144,144,6,2,0,G45,8,-45,45,120,120,75,156.206023113003,0.5,0,-0.25,0.433012701892219,0.183012701892219,0.683012701892219,-0.566987298107781,0.25,0,0.866025403784439,-0.75,-0.433012701892219,33,[33 50 100],3,17,83,1,[0 250 0],[0 153 255],[255 0 0],20260806,-92.1821864361644,147.817813563836,147.817813563836,-90,integration hypothesis: center+inner group relative to outer; not an objectively correct answer,0,90,30,120,-150,-122.182186436164,2.06900560017675,1,0.917801399948075,140.136167993769,67.541000533877,0,1,,0,NONE,0.0166957220016047,0.0166861168069749,0.0189811000600457,0,59.8955828267794,2,preferred-external-screen,1920,1080,1100,800,598,336,60,36.2419979414704,0,0,0,0,25.1.0.2943329 (R2025a),"3.0.19 - Flavor: Manual Install, 03-Jun-2025 15:56:55",win64
RS-MISSION-20260806-JP-TWO-GROUP-MOTION-DEMO,0.6.0,uncommitted,2026-08-26T19:58:26.608Z,ANON-20260826-145233-583,27,2,3,144,144,6,2,0,G30,7,-30,30,120,120,90,169.106605350869,0.5,0,-0.25,0.433012701892219,-2.77555756156289e-17,0.577350269189626,-0.75,0.144337567297406,0,0.866025403784439,-0.75,-0.433012701892219,33,[33 50 100],3,17,83,0,[0 250 0],[255 0 0],[0 153 255],20260806,147.76301284197,27.7630128419702,27.7630128419702,-90,integration hypothesis: center+inner group relative to outer; not an objectively correct answer,0,90,30,120,-150,117.76301284197,1.55130259995349,1,0.751905200071633,120.228624008596,46.636044412304,0,1,,0,NONE,0.0166957220016047,0.0166498058339736,0.0189990000799298,0,59.8955828267794,2,preferred-external-screen,1920,1080,1100,800,598,336,60,36.2419979414704,0,0,0,0,25.1.0.2943329 (R2025a),"3.0.19 - Flavor: Manual Install, 03-Jun-2025 15:56:55",win64
RS-MISSION-20260806-JP-TWO-GROUP-MOTION-DEMO,0.6.0,uncommitted,2026-08-26T19:58:32.385Z,ANON-20260826-145233-583,28,2,4,144,144,6,2,0,G05,3,-5,5,120,120,115,178.697696962912,0.5,0,-0.25,0.433012701892219,-0.2121162974217,0.4548848677737,-0.9621162974217,0.021872165881481,0,0.866025403784439,-0.75,-0.433012701892219,33,[33 50 100],3,17,83,1,[0 250 0],[0 153 255],[255 0 0],20260806,-112.627747601979,127.372252398021,127.372252398021,-90,integration hypothesis: center+inner group relative to outer; not an objectively correct answer,0,90,30,120,-150,-142.627747601979,2.90409930003807,1,1.48471169988625,208.16540398635,166.801152700648,0,1,,0,NONE,0.0166957220016047,0.0166617949997696,0.0187762000132352,0,59.8955828267794,2,preferred-external-screen,1920,1080,1100,800,598,336,60,36.2419979414704,0,0,0,0,25.1.0.2943329 (R2025a),"3.0.19 - Flavor: Manual Install, 03-Jun-2025 15:56:55",win64
RS-MISSION-20260806-JP-TWO-GROUP-MOTION-DEMO,0.6.0,uncommitted,2026-08-26T19:58:37.472Z,ANON-20260826-145233-583,29,2,5,144,144,6,2,0,G20,6,-20,20,120,120,100,173.83502233193,0.5,0,-0.25,0.433012701892219,-0.0923962654520477,0.52400526045877,-0.842396265452048,0.0909925585665506,0,0.866025403784439,-0.75,-0.433012701892219,50,[33 50 100],5,25,125,0,[0 250 0],[255 0 0],[0 153 255],20260806,-177.304713687999,62.6952863120009,62.6952863120009,-90,integration hypothesis: center+inner group relative to outer; not an objectively correct answer,0,90,30,120,-150,152.695286312001,2.23560669994913,1,1.00105730001815,150.126876002178,79.6944161413598,0,1,,0,NONE,0.0166957220016047,0.0166850798321152,0.0186500998679549,0,59.8955828267794,2,preferred-external-screen,1920,1080,1100,800,598,336,60,36.2419979414704,0,0,0,0,25.1.0.2943329 (R2025a),"3.0.19 - Flavor: Manual Install, 03-Jun-2025 15:56:55",win64
RS-MISSION-20260806-JP-TWO-GROUP-MOTION-DEMO,0.6.0,uncommitted,2026-08-26T19:59:01.392Z,ANON-20260826-145233-583,30,2,6,144,144,6,2,0,G10,4,-10,10,120,120,110,177.267592790388,0.5,0,-0.25,0.433012701892219,-0.17364817766693,0.477094447069336,-0.92364817766693,0.0440817451771163,0,0.866025403784439,-0.75,-0.433012701892219,100,[33 50 100],10,50,250,0,[0 250 0],[255 0 0],[0 153 255],20260806,-22.3316412501734,-142.331641250173,-142.331641250173,-90,integration hypothesis: center+inner group relative to outer; not an objectively correct answer,0,90,30,120,-150,-52.3316412501734,21.0545153000858,1,1.15107520017773,168.129024021327,103.68699854257,0,1,,0,NONE,0.0166957220016047,0.0166326683325072,0.0192181000020355,0,59.8955828267794,2,preferred-external-screen,1920,1080,1100,800,598,336,60,36.2419979414704,0,0,0,0,25.1.0.2943329 (R2025a),"3.0.19 - Flavor: Manual Install, 03-Jun-2025 15:56:55",win64
RS-MISSION-20260806-JP-TWO-GROUP-MOTION-DEMO,0.6.0,uncommitted,2026-08-26T19:59:06.159Z,ANON-20260826-145233-583,31,2,7,144,144,6,2,0,G15,5,-15,15,120,120,105,175.666427663413,0.5,0,-0.25,0.433012701892219,-0.133974596215561,0.5,-0.883974596215561,0.0669872981077807,0,0.866025403784439,-0.75,-0.433012701892219,100,[33 50 100],10,50,250,0,[0 250 0],[255 0 0],[0 153 255],20260806,-40.2182403806355,-160.218240380635,-160.218240380635,-90,integration hypothesis: center+inner group relative to outer; not an objectively correct answer,0,90,30,120,-150,-70.2182403806355,1.86681559984572,1,1.40183430002071,198.220116002485,150.845663957361,0,1,,0,NONE,0.0166957220016047,0.0166776450001635,0.019067200133577,0,59.8955828267794,2,preferred-external-screen,1920,1080,1100,800,598,336,60,36.2419979414704,0,0,0,0,25.1.0.2943329 (R2025a),"3.0.19 - Flavor: Manual Install, 03-Jun-2025 15:56:55",win64
RS-MISSION-20260806-JP-TWO-GROUP-MOTION-DEMO,0.6.0,uncommitted,2026-08-26T19:59:12.198Z,ANON-20260826-145233-583,32,2,8,144,144,6,2,0,G15,5,-15,15,120,120,105,175.666427663413,0.5,0,-0.25,0.433012701892219,-0.133974596215561,0.5,-0.883974596215561,0.0669872981077807,0,0.866025403784439,-0.75,-0.433012701892219,50,[33 50 100],5,25,125,1,[0 250 0],[0 153 255],[255 0 0],20260806,-43.1021956935654,-163.102195693565,-163.102195693565,-90,integration hypothesis: center+inner group relative to outer; not an objectively correct answer,0,90,30,120,-150,-73.1021956935654,3.13692039996386,1,1.55254689999856,216.305627999827,182.211546400182,0,1,,0,NONE,0.0166957220016047,0.0166859487384683,0.0179908000864089,0,59.8955828267794,2,preferred-external-screen,1920,1080,1100,800,598,336,60,36.2419979414704,0,0,0,0,25.1.0.2943329 (R2025a),"3.0.19 - Flavor: Manual Install, 03-Jun-2025 15:56:55",win64
RS-MISSION-20260806-JP-TWO-GROUP-MOTION-DEMO,0.6.0,uncommitted,2026-08-26T19:59:16.755Z,ANON-20260826-145233-583,33,2,9,144,144,6,2,0,G03,2,-3,3,120,120,117,179.231928806588,0.5,0,-0.25,0.433012701892219,-0.227306765892479,0.44611464671298,-0.977306765892479,0.0131019448207603,0,0.866025403784439,-0.75,-0.433012701892219,33,[33 50 100],3,17,83,0,[0 250 0],[255 0 0],[0 153 255],20260806,-28.4161454190729,-148.416145419073,-148.416145419073,-90,integration hypothesis: center+inner group relative to outer; not an objectively correct answer,0,90,30,120,-150,-58.4161454190729,1.7180349000264,1,0.967256500152871,146.070780018345,75.6096047711277,0,1,,0,NONE,0.0166957220016047,0.0166869941187099,0.0184826001059264,0,59.8955828267794,2,preferred-external-screen,1920,1080,1100,800,598,336,60,36.2419979414704,0,0,0,0,25.1.0.2943329 (R2025a),"3.0.19 - Flavor: Manual Install, 03-Jun-2025 15:56:55",win64
RS-MISSION-20260806-JP-TWO-GROUP-MOTION-DEMO,0.6.0,uncommitted,2026-08-26T19:59:21.483Z,ANON-20260826-145233-583,34,2,10,144,144,6,2,0,G45,8,-45,45,120,120,75,156.206023113003,0.5,0,-0.25,0.433012701892219,0.183012701892219,0.683012701892219,-0.566987298107781,0.25,0,0.866025403784439,-0.75,-0.433012701892219,50,[33 50 100],5,25,125,0,[0 250 0],[255 0 0],[0 153 255],20260806,-132.440459934184,107.559540065816,107.559540065816,-90,integration hypothesis: center+inner group relative to outer; not an objectively correct answer,0,90,30,120,-150,-162.440459934184,1.83526289998554,1,1.00101360003464,150.121632004157,79.6563488301744,0,1,,0,NONE,0.0166957220016047,0.0166917050005092,0.0179289998486638,0,59.8955828267794,2,preferred-external-screen,1920,1080,1100,800,598,336,60,36.2419979414704,0,0,0,0,25.1.0.2943329 (R2025a),"3.0.19 - Flavor: Manual Install, 03-Jun-2025 15:56:55",win64
RS-MISSION-20260806-JP-TWO-GROUP-MOTION-DEMO,0.6.0,uncommitted,2026-08-26T19:59:27.554Z,ANON-20260826-145233-583,35,2,11,144,144,6,2,0,G00,1,-0,0,120,120,120,180,0.5,0,-0.25,0.433012701892219,-0.25,0.433012701892219,-1,0,0,0.866025403784439,-0.75,-0.433012701892219,50,[33 50 100],5,25,125,0,[0 250 0],[255 0 0],[0 153 255],20260806,-68.0282059558921,171.971794044108,171.971794044108,-90,integration hypothesis: center+inner group relative to outer; not an objectively correct answer,0,NaN,30,120,NaN,-98.0282059558921,3.23537399992347,1,0.51837920001708,92.2055040020496,21.6527624164477,0,1,,0,NONE,0.0166957220016047,0.0166371375011901,0.0179763999767601,0,59.8955828267794,2,preferred-external-screen,1920,1080,1100,800,598,336,60,36.2419979414704,0,0,0,0,25.1.0.2943329 (R2025a),"3.0.19 - Flavor: Manual Install, 03-Jun-2025 15:56:55",win64
RS-MISSION-20260806-JP-TWO-GROUP-MOTION-DEMO,0.6.0,uncommitted,2026-08-26T19:59:32.063Z,ANON-20260826-145233-583,36,2,12,144,144,6,2,0,G10,4,-10,10,120,120,110,177.267592790388,0.5,0,-0.25,0.433012701892219,-0.17364817766693,0.477094447069336,-0.92364817766693,0.0440817451771163,0,0.866025403784439,-0.75,-0.433012701892219,50,[33 50 100],5,25,125,0,[0 250 0],[255 0 0],[0 153 255],20260806,67.3750152622284,-52.6249847377716,-52.6249847377716,-90,integration hypothesis: center+inner group relative to outer; not an objectively correct answer,0,90,30,120,-150,37.3750152622284,1.60263820015825,1,0.766900699818507,122.028083978221,47.6052835438238,0,1,,0,NONE,0.0166957220016047,0.0166509283337897,0.0182410001289099,0,59.8955828267794,2,preferred-external-screen,1920,1080,1100,800,598,336,60,36.2419979414704,0,0,0,0,25.1.0.2943329 (R2025a),"3.0.19 - Flavor: Manual Install, 03-Jun-2025 15:56:55",win64
RS-MISSION-20260806-JP-TWO-GROUP-MOTION-DEMO,0.6.0,uncommitted,2026-08-26T19:59:36.895Z,ANON-20260826-145233-583,37,2,13,144,144,6,2,0,G15,5,-15,15,120,120,105,175.666427663413,0.5,0,-0.25,0.433012701892219,-0.133974596215561,0.5,-0.883974596215561,0.0669872981077807,0,0.866025403784439,-0.75,-0.433012701892219,33,[33 50 100],3,17,83,0,[0 250 0],[255 0 0],[0 153 255],20260806,-37.8665647836379,-157.866564783638,-157.866564783638,-90,integration hypothesis: center+inner group relative to outer; not an objectively correct answer,0,90,30,120,-150,-67.8665647836379,1.9514182000421,1,1.16797199985012,170.156639982015,107.572781696591,0,1,,0,NONE,0.0166957220016047,0.0166873613454621,0.0179666001349688,0,59.8955828267794,2,preferred-external-screen,1920,1080,1100,800,598,336,60,36.2419979414704,0,0,0,0,25.1.0.2943329 (R2025a),"3.0.19 - Flavor: Manual Install, 03-Jun-2025 15:56:55",win64
RS-MISSION-20260806-JP-TWO-GROUP-MOTION-DEMO,0.6.0,uncommitted,2026-08-26T19:59:42.116Z,ANON-20260826-145233-583,38,2,14,144,144,6,2,0,G10,4,-10,10,120,120,110,177.267592790388,0.5,0,-0.25,0.433012701892219,-0.17364817766693,0.477094447069336,-0.92364817766693,0.0440817451771163,0,0.866025403784439,-0.75,-0.433012701892219,33,[33 50 100],3,17,83,1,[0 250 0],[0 153 255],[255 0 0],20260806,-43.4751055361726,-163.475105536173,-163.475105536173,-90,integration hypothesis: center+inner group relative to outer; not an objectively correct answer,0,90,30,120,-150,-73.4751055361726,2.35226509999484,1,1.61860779998824,224.232935998589,196.787192564539,0,1,,0,NONE,0.0166957220016047,0.0166691925008005,0.0178475000429899,0,59.8955828267794,2,preferred-external-screen,1920,1080,1100,800,598,336,60,36.2419979414704,0,0,0,0,25.1.0.2943329 (R2025a),"3.0.19 - Flavor: Manual Install, 03-Jun-2025 15:56:55",win64
RS-MISSION-20260806-JP-TWO-GROUP-MOTION-DEMO,0.6.0,uncommitted,2026-08-26T19:59:46.924Z,ANON-20260826-145233-583,39,2,15,144,144,6,2,0,G45,8,-45,45,120,120,75,156.206023113003,0.5,0,-0.25,0.433012701892219,0.183012701892219,0.683012701892219,-0.566987298107781,0.25,0,0.866025403784439,-0.75,-0.433012701892219,100,[33 50 100],10,50,250,0,[0 250 0],[255 0 0],[0 153 255],20260806,111.189242918915,-8.81075708108483,-8.81075708108483,-90,integration hypothesis: center+inner group relative to outer; not an objectively correct answer,0,90,30,120,-150,81.1892429189152,1.93487609992735,1,1.18595810001716,172.314972002059,110.624477047728,0,1,,0,NONE,0.0166957220016047,0.0166815800010227,0.0191293000243604,0,59.8955828267794,2,preferred-external-screen,1920,1080,1100,800,598,336,60,36.2419979414704,0,0,0,0,25.1.0.2943329 (R2025a),"3.0.19 - Flavor: Manual Install, 03-Jun-2025 15:56:55",win64
RS-MISSION-20260806-JP-TWO-GROUP-MOTION-DEMO,0.6.0,uncommitted,2026-08-26T19:59:51.570Z,ANON-20260826-145233-583,40,2,16,144,144,6,2,0,G03,2,-3,3,120,120,117,179.231928806588,0.5,0,-0.25,0.433012701892219,-0.227306765892479,0.44611464671298,-0.977306765892479,0.0131019448207603,0,0.866025403784439,-0.75,-0.433012701892219,100,[33 50 100],10,50,250,0,[0 250 0],[255 0 0],[0 153 255],20260806,-68.1404493008755,171.859550699124,171.859550699124,-90,integration hypothesis: center+inner group relative to outer; not an objectively correct answer,0,90,30,120,-150,-98.1404493008755,1.76835629995912,1,0.918231599964201,140.187791995704,68.4599777914064,0,1,,0,NONE,0.0166957220016047,0.0166509591663877,0.0183608999941498,0,59.8955828267794,2,preferred-external-screen,1920,1080,1100,800,598,336,60,36.2419979414704,0,0,0,0,25.1.0.2943329 (R2025a),"3.0.19 - Flavor: Manual Install, 03-Jun-2025 15:56:55",win64
RS-MISSION-20260806-JP-TWO-GROUP-MOTION-DEMO,0.6.0,uncommitted,2026-08-26T19:59:56.139Z,ANON-20260826-145233-583,41,2,17,144,144,6,2,0,G30,7,-30,30,120,120,90,169.106605350869,0.5,0,-0.25,0.433012701892219,-2.77555756156289e-17,0.577350269189626,-0.75,0.144337567297406,0,0.866025403784439,-0.75,-0.433012701892219,100,[33 50 100],10,50,250,1,[0 250 0],[0 153 255],[255 0 0],20260806,-11.4927010210119,-131.492701021012,-131.492701021012,-90,integration hypothesis: center+inner group relative to outer; not an objectively correct answer,0,90,30,120,-150,-41.4927010210119,1.66829439997673,1,0.783198100049049,123.983772005886,49.6301247096799,0,1,,0,NONE,0.0166957220016047,0.0166875495802329,0.0179794998839498,0,59.8955828267794,2,preferred-external-screen,1920,1080,1100,800,598,336,60,36.2419979414704,0,0,0,0,25.1.0.2943329 (R2025a),"3.0.19 - Flavor: Manual Install, 03-Jun-2025 15:56:55",win64
RS-MISSION-20260806-JP-TWO-GROUP-MOTION-DEMO,0.6.0,uncommitted,2026-08-26T20:00:00.873Z,ANON-20260826-145233-583,42,2,18,144,144,6,2,0,G03,2,-3,3,120,120,117,179.231928806588,0.5,0,-0.25,0.433012701892219,-0.227306765892479,0.44611464671298,-0.977306765892479,0.0131019448207603,0,0.866025403784439,-0.75,-0.433012701892219,50,[33 50 100],5,25,125,0,[0 250 0],[255 0 0],[0 153 255],20260806,-90.8833338284903,149.11666617151,149.11666617151,-90,integration hypothesis: center+inner group relative to outer; not an objectively correct answer,0,90,30,120,-150,-120.88333382849,1.83527609985322,1,0.967767999973148,146.132159996778,75.6369093754493,0,1,,0,NONE,0.0166957220016047,0.0166874126053783,0.0182966000866145,0,59.8955828267794,2,preferred-external-screen,1920,1080,1100,800,598,336,60,36.2419979414704,0,0,0,0,25.1.0.2943329 (R2025a),"3.0.19 - Flavor: Manual Install, 03-Jun-2025 15:56:55",win64
RS-MISSION-20260806-JP-TWO-GROUP-MOTION-DEMO,0.6.0,uncommitted,2026-08-26T20:00:05.946Z,ANON-20260826-145233-583,43,2,19,144,144,6,2,0,G00,1,-0,0,120,120,120,180,0.5,0,-0.25,0.433012701892219,-0.25,0.433012701892219,-1,0,0,0.866025403784439,-0.75,-0.433012701892219,100,[33 50 100],10,50,250,0,[0 250 0],[255 0 0],[0 153 255],20260806,-25.3378245327286,-145.337824532729,-145.337824532729,-90,integration hypothesis: center+inner group relative to outer; not an objectively correct answer,0,NaN,30,120,NaN,-55.3378245327286,2.21771569992416,1,1.58505860017613,220.207032021135,188.388298260383,0,1,,0,NONE,0.0166957220016047,0.0166333300003316,0.0187880999874324,0,59.8955828267794,2,preferred-external-screen,1920,1080,1100,800,598,336,60,36.2419979414704,0,0,0,0,25.1.0.2943329 (R2025a),"3.0.19 - Flavor: Manual Install, 03-Jun-2025 15:56:55",win64
RS-MISSION-20260806-JP-TWO-GROUP-MOTION-DEMO,0.6.0,uncommitted,2026-08-26T20:00:10.148Z,ANON-20260826-145233-583,44,2,20,144,144,6,2,0,G05,3,-5,5,120,120,115,178.697696962912,0.5,0,-0.25,0.433012701892219,-0.2121162974217,0.4548848677737,-0.9621162974217,0.021872165881481,0,0.866025403784439,-0.75,-0.433012701892219,50,[33 50 100],5,25,125,1,[0 250 0],[0 153 255],[255 0 0],20260806,113.382887280471,-6.61711271952856,-6.61711271952856,-90,integration hypothesis: center+inner group relative to outer; not an objectively correct answer,0,90,30,120,-150,83.3828872804714,1.33501040004194,1,0.584248600061983,100.109832007438,28.1433547224437,0,1,,0,NONE,0.0166957220016047,0.0166209508335063,0.0190036999993026,0,59.8955828267794,2,preferred-external-screen,1920,1080,1100,800,598,336,60,36.2419979414704,0,0,0,0,25.1.0.2943329 (R2025a),"3.0.19 - Flavor: Manual Install, 03-Jun-2025 15:56:55",win64
RS-MISSION-20260806-JP-TWO-GROUP-MOTION-DEMO,0.6.0,uncommitted,2026-08-26T20:00:30.420Z,ANON-20260826-145233-583,45,2,21,144,144,6,2,0,G30,7,-30,30,120,120,90,169.106605350869,0.5,0,-0.25,0.433012701892219,-2.77555756156289e-17,0.577350269189626,-0.75,0.144337567297406,0,0.866025403784439,-0.75,-0.433012701892219,50,[33 50 100],5,25,125,1,[0 250 0],[0 153 255],[255 0 0],20260806,-27.2248740552884,-147.224874055288,-147.224874055288,-90,integration hypothesis: center+inner group relative to outer; not an objectively correct answer,0,90,30,120,-150,-57.2248740552884,17.4180725999177,1,0.951549000106752,144.18588001281,72.3408425905723,0,1,,0,NONE,0.0166957220016047,0.0166315350002454,0.0178519999608397,0,59.8955828267794,2,preferred-external-screen,1920,1080,1100,800,598,336,60,36.2419979414704,0,0,0,0,25.1.0.2943329 (R2025a),"3.0.19 - Flavor: Manual Install, 03-Jun-2025 15:56:55",win64
RS-MISSION-20260806-JP-TWO-GROUP-MOTION-DEMO,0.6.0,uncommitted,2026-08-26T20:00:35.053Z,ANON-20260826-145233-583,46,2,22,144,144,6,2,0,G00,1,-0,0,120,120,120,180,0.5,0,-0.25,0.433012701892219,-0.25,0.433012701892219,-1,0,0,0.866025403784439,-0.75,-0.433012701892219,33,[33 50 100],3,17,83,0,[0 250 0],[255 0 0],[0 153 255],20260806,19.7397345842856,-100.260265415714,-100.260265415714,-90,integration hypothesis: center+inner group relative to outer; not an objectively correct answer,0,NaN,30,120,NaN,-10.2602654157144,1.75049070012756,1,0.850694899912924,132.083387989551,59.2283562611151,0,1,,0,NONE,0.0166957220016047,0.0166338908330848,0.0180273000150919,0,59.8955828267794,2,preferred-external-screen,1920,1080,1100,800,598,336,60,36.2419979414704,0,0,0,0,25.1.0.2943329 (R2025a),"3.0.19 - Flavor: Manual Install, 03-Jun-2025 15:56:55",win64
RS-MISSION-20260806-JP-TWO-GROUP-MOTION-DEMO,0.6.0,uncommitted,2026-08-26T20:00:40.072Z,ANON-20260826-145233-583,47,2,23,144,144,6,2,0,G05,3,-5,5,120,120,115,178.697696962912,0.5,0,-0.25,0.433012701892219,-0.2121162974217,0.4548848677737,-0.9621162974217,0.021872165881481,0,0.866025403784439,-0.75,-0.433012701892219,100,[33 50 100],10,50,250,0,[0 250 0],[255 0 0],[0 153 255],20260806,-73.0234712658303,166.97652873417,166.97652873417,-90,integration hypothesis: center+inner group relative to outer; not an objectively correct answer,0,90,30,120,-150,-103.02347126583,2.11901869997382,1,1.2831866000779,183.982392009348,127.078067683314,0,1,,0,NONE,0.0166957220016047,0.0166626124992035,0.0184310001786798,0,59.8955828267794,2,preferred-external-screen,1920,1080,1100,800,598,336,60,36.2419979414704,0,0,0,0,25.1.0.2943329 (R2025a),"3.0.19 - Flavor: Manual Install, 03-Jun-2025 15:56:55",win64
RS-MISSION-20260806-JP-TWO-GROUP-MOTION-DEMO,0.6.0,uncommitted,2026-08-26T20:00:46.636Z,ANON-20260826-145233-583,48,2,24,144,144,6,2,0,G20,6,-20,20,120,120,100,173.83502233193,0.5,0,-0.25,0.433012701892219,-0.0923962654520477,0.52400526045877,-0.842396265452048,0.0909925585665506,0,0.866025403784439,-0.75,-0.433012701892219,100,[33 50 100],10,50,250,1,[0 250 0],[0 153 255],[255 0 0],20260806,46.8809946906358,-73.1190053093642,-73.1190053093642,-90,integration hypothesis: center+inner group relative to outer; not an objectively correct answer,0,90,30,120,-150,16.8809946906358,3.67046359996311,1,1.88486859994009,256.184231992811,260.112233154446,0,1,,0,NONE,0.0166957220016047,0.0166892600012943,0.0180080998688936,0,59.8955828267794,2,preferred-external-screen,1920,1080,1100,800,598,336,60,36.2419979414704,0,0,0,0,25.1.0.2943329 (R2025a),"3.0.19 - Flavor: Manual Install, 03-Jun-2025 15:56:55",win64
RS-MISSION-20260806-JP-TWO-GROUP-MOTION-DEMO,0.6.0,uncommitted,2026-08-26T20:00:52.321Z,ANON-20260826-145233-583,49,3,1,144,144,6,2,0,G20,6,-20,20,240,-120,-140,-66.16497766807,0.5,0,-0.25,-0.433012701892219,-0.407603734547952,-0.342020143325669,0.342396265452048,-0.775032845217888,0,0.866025403784439,0.75,-0.433012701892219,50,[33 50 100],5,25,125,0,[0 250 0],[255 0 0],[0 153 255],20260806,-58.993170545029,61.006829454971,61.006829454971,-90,integration hypothesis: center+inner group relative to outer; not an objectively correct answer,0,90,150,-120,-30,151.006829454971,2.80328089999966,1,1.66724410001189,230.069292001426,207.021680276695,0,1,,0,NONE,0.0166957220016047,0.0166825680668708,0.018635000102222,0,59.8955828267794,2,preferred-external-screen,1920,1080,1100,800,598,336,60,36.2419979414704,0,0,0,0,25.1.0.2943329 (R2025a),"3.0.19 - Flavor: Manual Install, 03-Jun-2025 15:56:55",win64
RS-MISSION-20260806-JP-TWO-GROUP-MOTION-DEMO,0.6.0,uncommitted,2026-08-26T20:00:57.570Z,ANON-20260826-145233-583,50,3,2,144,144,6,2,0,G30,7,-30,30,240,-120,-150,-70.8933946491309,0.5,0,-0.25,-0.433012701892219,-0.5,-0.288675134594813,0.25,-0.721687836487032,0,0.866025403784439,0.75,-0.433012701892219,33,[33 50 100],3,17,83,1,[0 250 0],[0 153 255],[255 0 0],20260806,-66.7334485745661,53.2665514254339,53.2665514254339,-90,integration hypothesis: center+inner group relative to outer; not an objectively correct answer,0,90,150,-120,-30,143.266551425434,2.36897900002077,1,1.11855400004424,164.226480005309,99.2053845305557,0,1,,0,NONE,0.0166957220016047,0.0166685583341556,0.0186006999574602,0,59.8955828267794,2,preferred-external-screen,1920,1080,1100,800,598,336,60,36.2419979414704,0,0,0,0,25.1.0.2943329 (R2025a),"3.0.19 - Flavor: Manual Install, 03-Jun-2025 15:56:55",win64
RS-MISSION-20260806-JP-TWO-GROUP-MOTION-DEMO,0.6.0,uncommitted,2026-08-26T20:01:02.220Z,ANON-20260826-145233-583,51,3,3,144,144,6,2,0,G05,3,-5,5,240,-120,-125,-61.3023030370879,0.5,0,-0.25,-0.433012701892219,-0.2878837025783,-0.411140536010738,0.4621162974217,-0.844153237902958,0,0.866025403784439,0.75,-0.433012701892219,100,[33 50 100],10,50,250,0,[0 250 0],[255 0 0],[0 153 255],20260806,117.257902014515,-122.742097985485,-122.742097985485,-90,integration hypothesis: center+inner group relative to outer; not an objectively correct answer,0,90,150,-120,-30,-32.7420979854845,1.75179899996147,1,0.567664799978957,98.1197759974748,26.3947605412325,0,1,,0,NONE,0.0166957220016047,0.0166874613452452,0.0183113000821322,0,59.8955828267794,2,preferred-external-screen,1920,1080,1100,800,598,336,60,36.2419979414704,0,0,0,0,25.1.0.2943329 (R2025a),"3.0.19 - Flavor: Manual Install, 03-Jun-2025 15:56:55",win64
RS-MISSION-20260806-JP-TWO-GROUP-MOTION-DEMO,0.6.0,uncommitted,2026-08-26T20:01:07.331Z,ANON-20260826-145233-583,52,3,4,144,144,6,2,0,G00,1,-0,0,240,-120,-120,-60,0.5,0,-0.25,-0.433012701892219,-0.25,-0.433012701892219,0.5,-0.866025403784439,0,0.866025403784439,0.75,-0.433012701892219,33,[33 50 100],3,17,83,1,[0 250 0],[0 153 255],[255 0 0],20260806,-30.1343339511309,89.8656660488691,89.8656660488691,-90,integration hypothesis: center+inner group relative to outer; not an objectively correct answer,0,NaN,150,-120,NaN,179.865666048869,2.21923479996622,1,1.35105900000781,192.127080000937,139.96373481772,0,1,,0,NONE,0.0166957220016047,0.0166846117662156,0.0180468000471592,0,59.8955828267794,2,preferred-external-screen,1920,1080,1100,800,598,336,60,36.2419979414704,0,0,0,0,25.1.0.2943329 (R2025a),"3.0.19 - Flavor: Manual Install, 03-Jun-2025 15:56:55",win64
RS-MISSION-20260806-JP-TWO-GROUP-MOTION-DEMO,0.6.0,uncommitted,2026-08-26T20:01:12.041Z,ANON-20260826-145233-583,53,3,5,144,144,6,2,0,G45,8,-45,45,240,-120,-165,-83.7939768869969,0.5,0,-0.25,-0.433012701892219,-0.683012701892219,-0.183012701892219,0.0669872981077806,-0.616025403784439,0,0.866025403784439,0.75,-0.433012701892219,50,[33 50 100],5,25,125,1,[0 250 0],[0 153 255],[255 0 0],20260806,-89.5732518195267,30.4267481804733,30.4267481804733,-90,integration hypothesis: center+inner group relative to outer; not an objectively correct answer,0,90,150,-120,-30,120.426748180473,1.81817399989814,1,0.918937800219283,140.272536026314,68.5655120003525,0,1,,0,NONE,0.0166957220016047,0.0166832416667603,0.0191401999909431,0,59.8955828267794,2,preferred-external-screen,1920,1080,1100,800,598,336,60,36.2419979414704,0,0,0,0,25.1.0.2943329 (R2025a),"3.0.19 - Flavor: Manual Install, 03-Jun-2025 15:56:55",win64
RS-MISSION-20260806-JP-TWO-GROUP-MOTION-DEMO,0.6.0,uncommitted,2026-08-26T20:01:16.491Z,ANON-20260826-145233-583,54,3,6,144,144,6,2,0,G05,3,-5,5,240,-120,-125,-61.3023030370879,0.5,0,-0.25,-0.433012701892219,-0.2878837025783,-0.411140536010738,0.4621162974217,-0.844153237902958,0,0.866025403784439,0.75,-0.433012701892219,33,[33 50 100],3,17,83,0,[0 250 0],[255 0 0],[0 153 255],20260806,71.6265286209182,-168.373471379082,-168.373471379082,-90,integration hypothesis: center+inner group relative to outer; not an objectively correct answer,0,90,150,-120,-30,-78.3734713790818,1.53445179993287,1,0.8171651000157,128.059812001884,53.9049436174308,0,1,,0,NONE,0.0166957220016047,0.0166755966667552,0.0187395999673754,0,59.8955828267794,2,preferred-external-screen,1920,1080,1100,800,598,336,60,36.2419979414704,0,0,0,0,25.1.0.2943329 (R2025a),"3.0.19 - Flavor: Manual Install, 03-Jun-2025 15:56:55",win64
RS-MISSION-20260806-JP-TWO-GROUP-MOTION-DEMO,0.6.0,uncommitted,2026-08-26T20:01:21.273Z,ANON-20260826-145233-583,55,3,7,144,144,6,2,0,G05,3,-5,5,240,-120,-125,-61.3023030370879,0.5,0,-0.25,-0.433012701892219,-0.2878837025783,-0.411140536010738,0.4621162974217,-0.844153237902958,0,0.866025403784439,0.75,-0.433012701892219,50,[33 50 100],5,25,125,1,[0 250 0],[0 153 255],[255 0 0],20260806,137.558970500253,-102.441029499747,-102.441029499747,-90,integration hypothesis: center+inner group relative to outer; not an objectively correct answer,0,90,150,-120,-30,-12.4410294997475,1.88424000004306,1,0.816892500035465,128.027100004256,53.9294806087055,0,1,,0,NONE,0.0166957220016047,0.0166818274999969,0.0185625001322478,0,59.8955828267794,2,preferred-external-screen,1920,1080,1100,800,598,336,60,36.2419979414704,0,0,0,0,25.1.0.2943329 (R2025a),"3.0.19 - Flavor: Manual Install, 03-Jun-2025 15:56:55",win64
RS-MISSION-20260806-JP-TWO-GROUP-MOTION-DEMO,0.6.0,uncommitted,2026-08-26T20:01:26.091Z,ANON-20260826-145233-583,56,3,8,144,144,6,2,0,G30,7,-30,30,240,-120,-150,-70.8933946491309,0.5,0,-0.25,-0.433012701892219,-0.5,-0.288675134594813,0.25,-0.721687836487032,0,0.866025403784439,0.75,-0.433012701892219,50,[33 50 100],5,25,125,0,[0 250 0],[255 0 0],[0 153 255],20260806,13.6045345889353,133.604534588935,133.604534588935,-90,integration hypothesis: center+inner group relative to outer; not an objectively correct answer,0,90,150,-120,-30,-136.395465411065,1.95197520009242,1,1.40222110017203,198.266532020643,150.89639686398,0,1,,0,NONE,0.0166957220016047,0.0166830907560134,0.017935800133273,0,59.8955828267794,2,preferred-external-screen,1920,1080,1100,800,598,336,60,36.2419979414704,0,0,0,0,25.1.0.2943329 (R2025a),"3.0.19 - Flavor: Manual Install, 03-Jun-2025 15:56:55",win64
RS-MISSION-20260806-JP-TWO-GROUP-MOTION-DEMO,0.6.0,uncommitted,2026-08-26T20:01:30.605Z,ANON-20260826-145233-583,57,3,9,144,144,6,2,0,G03,2,-3,3,240,-120,-123,-60.7680711934123,0.5,0,-0.25,-0.433012701892219,-0.272693234107521,-0.419910757071459,0.477306765892479,-0.852923458963678,0,0.866025403784439,0.75,-0.433012701892219,100,[33 50 100],10,50,250,0,[0 250 0],[255 0 0],[0 153 255],20260806,-177.061885035383,-57.0618850353828,-57.0618850353828,-90,integration hypothesis: center+inner group relative to outer; not an objectively correct answer,0,90,150,-120,-30,32.9381149646172,1.63540429994464,1,1.08342949999496,160.011539999396,93.5258436098805,0,1,,0,NONE,0.0166957220016047,0.0166374233337895,0.018164400011301,0,59.8955828267794,2,preferred-external-screen,1920,1080,1100,800,598,336,60,36.2419979414704,0,0,0,0,25.1.0.2943329 (R2025a),"3.0.19 - Flavor: Manual Install, 03-Jun-2025 15:56:55",win64
RS-MISSION-20260806-JP-TWO-GROUP-MOTION-DEMO,0.6.0,uncommitted,2026-08-26T20:01:35.186Z,ANON-20260826-145233-583,58,3,10,144,144,6,2,0,G10,4,-10,10,240,-120,-130,-62.7324072096124,0.5,0,-0.25,-0.433012701892219,-0.32635182233307,-0.388930956715103,0.42364817766693,-0.821943658607322,0,0.866025403784439,0.75,-0.433012701892219,33,[33 50 100],3,17,83,1,[0 250 0],[0 153 255],[255 0 0],20260806,130.332405557245,-109.667594442755,-109.667594442755,-90,integration hypothesis: center+inner group relative to outer; not an objectively correct answer,0,90,150,-120,-30,-19.6675944427551,1.73511209990829,1,0.966172400163487,145.940688019618,74.4682332921263,0,1,,0,NONE,0.0166957220016047,0.0166876571421206,0.0179083999246359,0,59.8955828267794,2,preferred-external-screen,1920,1080,1100,800,598,336,60,36.2419979414704,0,0,0,0,25.1.0.2943329 (R2025a),"3.0.19 - Flavor: Manual Install, 03-Jun-2025 15:56:55",win64
RS-MISSION-20260806-JP-TWO-GROUP-MOTION-DEMO,0.6.0,uncommitted,2026-08-26T20:01:39.910Z,ANON-20260826-145233-583,59,3,11,144,144,6,2,0,G15,5,-15,15,240,-120,-135,-64.3335723365867,0.5,0,-0.25,-0.433012701892219,-0.366025403784439,-0.366025403784439,0.383974596215561,-0.799038105676658,0,0.866025403784439,0.75,-0.433012701892219,100,[33 50 100],10,50,250,1,[0 250 0],[0 153 255],[255 0 0],20260806,62.2637969970897,-177.73620300291,-177.73620300291,-90,integration hypothesis: center+inner group relative to outer; not an objectively correct answer,0,90,150,-120,-30,-87.7362030029103,1.85232560010627,1,1.30034410022199,186.041292026639,130.318062311893,0,1,,0,NONE,0.0166957220016047,0.0166822218477037,0.019078099867329,0,59.8955828267794,2,preferred-external-screen,1920,1080,1100,800,598,336,60,36.2419979414704,0,0,0,0,25.1.0.2943329 (R2025a),"3.0.19 - Flavor: Manual Install, 03-Jun-2025 15:56:55",win64
RS-MISSION-20260806-JP-TWO-GROUP-MOTION-DEMO,0.6.0,uncommitted,2026-08-26T20:01:45.347Z,ANON-20260826-145233-583,60,3,12,144,144,6,2,0,G30,7,-30,30,240,-120,-150,-70.8933946491309,0.5,0,-0.25,-0.433012701892219,-0.5,-0.288675134594813,0.25,-0.721687836487032,0,0.866025403784439,0.75,-0.433012701892219,100,[33 50 100],10,50,250,0,[0 250 0],[255 0 0],[0 153 255],20260806,-33.7129366631393,86.2870633368607,86.2870633368607,-90,integration hypothesis: center+inner group relative to outer; not an objectively correct answer,0,90,150,-120,-30,176.287063336861,2.53532170015387,1,1.66726669995114,230.072003994137,207.024552483335,0,1,,0,NONE,0.0166957220016047,0.0166856218481577,0.017924000043422,0,59.8955828267794,2,preferred-external-screen,1920,1080,1100,800,598,336,60,36.2419979414704,0,0,0,0,25.1.0.2943329 (R2025a),"3.0.19 - Flavor: Manual Install, 03-Jun-2025 15:56:55",win64
RS-MISSION-20260806-JP-TWO-GROUP-MOTION-DEMO,0.6.0,uncommitted,2026-08-26T20:01:50.110Z,ANON-20260826-145233-583,61,3,13,144,144,6,2,0,G03,2,-3,3,240,-120,-123,-60.7680711934123,0.5,0,-0.25,-0.433012701892219,-0.272693234107521,-0.419910757071459,0.477306765892479,-0.852923458963678,0,0.866025403784439,0.75,-0.433012701892219,50,[33 50 100],5,25,125,1,[0 250 0],[0 153 255],[255 0 0],20260806,-133.711917996112,-13.711917996112,-13.711917996112,-90,integration hypothesis: center+inner group relative to outer; not an objectively correct answer,0,90,150,-120,-30,76.288082003888,1.88543800008483,1,1.23518920014612,178.222704017535,119.278323369916,0,1,,0,NONE,0.0166957220016047,0.0166880529405189,0.0182535999920219,0,59.8955828267794,2,preferred-external-screen,1920,1080,1100,800,598,336,60,36.2419979414704,0,0,0,0,25.1.0.2943329 (R2025a),"3.0.19 - Flavor: Manual Install, 03-Jun-2025 15:56:55",win64
RS-MISSION-20260806-JP-TWO-GROUP-MOTION-DEMO,0.6.0,uncommitted,2026-08-26T20:01:56.110Z,ANON-20260826-145233-583,62,3,14,144,144,6,2,0,G15,5,-15,15,240,-120,-135,-64.3335723365867,0.5,0,-0.25,-0.433012701892219,-0.366025403784439,-0.366025403784439,0.383974596215561,-0.799038105676658,0,0.866025403784439,0.75,-0.433012701892219,50,[33 50 100],5,25,125,0,[0 250 0],[255 0 0],[0 153 255],20260806,-153.962103754158,-33.9621037541583,-33.9621037541583,-90,integration hypothesis: center+inner group relative to outer; not an objectively correct answer,0,90,150,-120,-30,56.0378962458417,3.10337510006502,1,1.73507209983654,238.208651980385,222.971237047592,0,1,,0,NONE,0.0166957220016047,0.0166888783336617,0.0178319998085499,0,59.8955828267794,2,preferred-external-screen,1920,1080,1100,800,598,336,60,36.2419979414704,0,0,0,0,25.1.0.2943329 (R2025a),"3.0.19 - Flavor: Manual Install, 03-Jun-2025 15:56:55",win64
RS-MISSION-20260806-JP-TWO-GROUP-MOTION-DEMO,0.6.0,uncommitted,2026-08-26T20:02:01.036Z,ANON-20260826-145233-583,63,3,15,144,144,6,2,0,G03,2,-3,3,240,-120,-123,-60.7680711934123,0.5,0,-0.25,-0.433012701892219,-0.272693234107521,-0.419910757071459,0.477306765892479,-0.852923458963678,0,0.866025403784439,0.75,-0.433012701892219,33,[33 50 100],3,17,83,0,[0 250 0],[255 0 0],[0 153 255],20260806,60.7485301102555,-179.251469889744,-179.251469889744,-90,integration hypothesis: center+inner group relative to outer; not an objectively correct answer,0,90,150,-120,-30,-89.2514698897445,2.05249390006065,2,0.918158299988136,140.178995998576,90.0989649379877,0,1,,0,NONE,0.0166957220016047,0.0166826176480586,0.0190098998136818,0,59.8955828267794,2,preferred-external-screen,1920,1080,1100,800,598,336,60,36.2419979414704,0,0,0,0,25.1.0.2943329 (R2025a),"3.0.19 - Flavor: Manual Install, 03-Jun-2025 15:56:55",win64
RS-MISSION-20260806-JP-TWO-GROUP-MOTION-DEMO,0.6.0,uncommitted,2026-08-26T20:03:23.590Z,ANON-20260826-145233-583,64,3,16,144,144,6,2,0,G00,1,-0,0,240,-120,-120,-60,0.5,0,-0.25,-0.433012701892219,-0.25,-0.433012701892219,0.5,-0.866025403784439,0,0.866025403784439,0.75,-0.433012701892219,100,[33 50 100],10,50,250,0,[0 250 0],[255 0 0],[0 153 255],20260806,74.7867554369952,-165.213244563005,-165.213244563005,-90,integration hypothesis: center+inner group relative to outer; not an objectively correct answer,0,NaN,150,-120,NaN,-75.2132445630048,79.6979329001624,1,1.06803570012562,158.164284015074,91.0542427705499,0,1,,0,NONE,0.0166957220016047,0.016682642856378,0.0186380001250654,0,59.8955828267794,2,preferred-external-screen,1920,1080,1100,800,598,336,60,36.2419979414704,0,0,0,0,25.1.0.2943329 (R2025a),"3.0.19 - Flavor: Manual Install, 03-Jun-2025 15:56:55",win64
RS-MISSION-20260806-JP-TWO-GROUP-MOTION-DEMO,0.6.0,uncommitted,2026-08-26T20:03:28.448Z,ANON-20260826-145233-583,65,3,17,144,144,6,2,0,G20,6,-20,20,240,-120,-140,-66.16497766807,0.5,0,-0.25,-0.433012701892219,-0.407603734547952,-0.342020143325669,0.342396265452048,-0.775032845217888,0,0.866025403784439,0.75,-0.433012701892219,100,[33 50 100],10,50,250,1,[0 250 0],[0 153 255],[255 0 0],20260806,89.7416222107045,-150.258377789295,-150.258377789295,-90,integration hypothesis: center+inner group relative to outer; not an objectively correct answer,0,90,150,-120,-30,-60.2583777892955,1.98485100013204,1,0.717191899893805,116.063027987257,41.5991641302277,0,1,,0,NONE,0.0166957220016047,0.0166809491677365,0.019372200127691,0,59.8955828267794,2,preferred-external-screen,1920,1080,1100,800,598,336,60,36.2419979414704,0,0,0,0,25.1.0.2943329 (R2025a),"3.0.19 - Flavor: Manual Install, 03-Jun-2025 15:56:55",win64
RS-MISSION-20260806-JP-TWO-GROUP-MOTION-DEMO,0.6.0,uncommitted,2026-08-26T20:03:33.572Z,ANON-20260826-145233-583,66,3,18,144,144,6,2,0,G10,4,-10,10,240,-120,-130,-62.7324072096124,0.5,0,-0.25,-0.433012701892219,-0.32635182233307,-0.388930956715103,0.42364817766693,-0.821943658607322,0,0.866025403784439,0.75,-0.433012701892219,50,[33 50 100],5,25,125,1,[0 250 0],[0 153 255],[255 0 0],20260806,-109.43075984136,10.5692401586404,10.5692401586404,-90,integration hypothesis: center+inner group relative to outer; not an objectively correct answer,0,90,150,-120,-30,100.56924015864,2.25182779994793,1,1.48628520010971,208.354224013165,168.055100331596,0,1,,0,NONE,0.0166957220016047,0.0166547674996157,0.018002999946475,0,59.8955828267794,2,preferred-external-screen,1920,1080,1100,800,598,336,60,36.2419979414704,0,0,0,0,25.1.0.2943329 (R2025a),"3.0.19 - Flavor: Manual Install, 03-Jun-2025 15:56:55",win64
RS-MISSION-20260806-JP-TWO-GROUP-MOTION-DEMO,0.6.0,uncommitted,2026-08-26T20:03:37.855Z,ANON-20260826-145233-583,67,3,19,144,144,6,2,0,G45,8,-45,45,240,-120,-165,-83.7939768869969,0.5,0,-0.25,-0.433012701892219,-0.683012701892219,-0.183012701892219,0.0669872981077806,-0.616025403784439,0,0.866025403784439,0.75,-0.433012701892219,100,[33 50 100],10,50,250,0,[0 250 0],[255 0 0],[0 153 255],20260806,109.092342742806,-130.907657257194,-130.907657257194,-90,integration hypothesis: center+inner group relative to outer; not an objectively correct answer,0,90,150,-120,-30,-40.9076572571938,1.40021299989894,1,0.367891500005499,74.1469800006598,8.02700671923351,0,1,,0,NONE,0.0166957220016047,0.016619186666018,0.0179247998166829,0,59.8955828267794,2,preferred-external-screen,1920,1080,1100,800,598,336,60,36.2419979414704,0,0,0,0,25.1.0.2943329 (R2025a),"3.0.19 - Flavor: Manual Install, 03-Jun-2025 15:56:55",win64
RS-MISSION-20260806-JP-TWO-GROUP-MOTION-DEMO,0.6.0,uncommitted,2026-08-26T20:03:42.374Z,ANON-20260826-145233-583,68,3,20,144,144,6,2,0,G15,5,-15,15,240,-120,-135,-64.3335723365867,0.5,0,-0.25,-0.433012701892219,-0.366025403784439,-0.366025403784439,0.383974596215561,-0.799038105676658,0,0.866025403784439,0.75,-0.433012701892219,33,[33 50 100],3,17,83,0,[0 250 0],[255 0 0],[0 153 255],20260806,30.7464057763926,150.746405776393,150.746405776393,-90,integration hypothesis: center+inner group relative to outer; not an objectively correct answer,0,90,150,-120,-30,-119.253594223607,1.61802609986626,1,0.550117499893531,96.0140999872237,24.7514248089204,0,1,,0,NONE,0.0166957220016047,0.016685579168067,0.0179739000741392,0,59.8955828267794,2,preferred-external-screen,1920,1080,1100,800,598,336,60,36.2419979414704,0,0,0,0,25.1.0.2943329 (R2025a),"3.0.19 - Flavor: Manual Install, 03-Jun-2025 15:56:55",win64
RS-MISSION-20260806-JP-TWO-GROUP-MOTION-DEMO,0.6.0,uncommitted,2026-08-26T20:03:47.039Z,ANON-20260826-145233-583,69,3,21,144,144,6,2,0,G20,6,-20,20,240,-120,-140,-66.16497766807,0.5,0,-0.25,-0.433012701892219,-0.407603734547952,-0.342020143325669,0.342396265452048,-0.775032845217888,0,0.866025403784439,0.75,-0.433012701892219,33,[33 50 100],3,17,83,1,[0 250 0],[0 153 255],[255 0 0],20260806,110.444245782713,-129.555754217287,-129.555754217287,-90,integration hypothesis: center+inner group relative to outer; not an objectively correct answer,0,90,150,-120,-30,-39.5557542172872,1.75201350008138,1,1.03403980005533,154.084776006639,84.7198608988885,0,1,,0,NONE,0.0166957220016047,0.0166821983332435,0.0179425999522209,0,59.8955828267794,2,preferred-external-screen,1920,1080,1100,800,598,336,60,36.2419979414704,0,0,0,0,25.1.0.2943329 (R2025a),"3.0.19 - Flavor: Manual Install, 03-Jun-2025 15:56:55",win64
RS-MISSION-20260806-JP-TWO-GROUP-MOTION-DEMO,0.6.0,uncommitted,2026-08-26T20:03:51.727Z,ANON-20260826-145233-583,70,3,22,144,144,6,2,0,G10,4,-10,10,240,-120,-130,-62.7324072096124,0.5,0,-0.25,-0.433012701892219,-0.32635182233307,-0.388930956715103,0.42364817766693,-0.821943658607322,0,0.866025403784439,0.75,-0.433012701892219,100,[33 50 100],10,50,250,1,[0 250 0],[0 153 255],[255 0 0],20260806,178.896045197365,-61.1039548026354,-61.1039548026354,-90,integration hypothesis: center+inner group relative to outer; not an objectively correct answer,0,90,150,-120,-30,28.8960451973646,1.8013806999661,1,0.70021739997901,114.026087997481,39.6300240236586,0,1,,0,NONE,0.0166957220016047,0.0166794605036618,0.0181562001816928,0,59.8955828267794,2,preferred-external-screen,1920,1080,1100,800,598,336,60,36.2419979414704,0,0,0,0,25.1.0.2943329 (R2025a),"3.0.19 - Flavor: Manual Install, 03-Jun-2025 15:56:55",win64
RS-MISSION-20260806-JP-TWO-GROUP-MOTION-DEMO,0.6.0,uncommitted,2026-08-26T20:03:57.157Z,ANON-20260826-145233-583,71,3,23,144,144,6,2,0,G00,1,-0,0,240,-120,-120,-60,0.5,0,-0.25,-0.433012701892219,-0.25,-0.433012701892219,0.5,-0.866025403784439,0,0.866025403784439,0.75,-0.433012701892219,50,[33 50 100],5,25,125,1,[0 250 0],[0 153 255],[255 0 0],20260806,142.616989176696,-97.3830108233038,-97.3830108233038,-90,integration hypothesis: center+inner group relative to outer; not an objectively correct answer,0,NaN,150,-120,NaN,-7.38301082330378,2.55148670007475,1,1.4180910999421,200.170931993052,153.18044198064,0,1,,0,NONE,0.0166957220016047,0.0166820840334848,0.0178670000750571,0,59.8955828267794,2,preferred-external-screen,1920,1080,1100,800,598,336,60,36.2419979414704,0,0,0,0,25.1.0.2943329 (R2025a),"3.0.19 - Flavor: Manual Install, 03-Jun-2025 15:56:55",win64
RS-MISSION-20260806-JP-TWO-GROUP-MOTION-DEMO,0.6.0,uncommitted,2026-08-26T20:04:02.253Z,ANON-20260826-145233-583,72,3,24,144,144,6,2,0,G45,8,-45,45,240,-120,-165,-83.7939768869969,0.5,0,-0.25,-0.433012701892219,-0.683012701892219,-0.183012701892219,0.0669872981077806,-0.616025403784439,0,0.866025403784439,0.75,-0.433012701892219,33,[33 50 100],3,17,83,0,[0 250 0],[255 0 0],[0 153 255],20260806,-54.4134313374157,65.5865686625843,65.5865686625843,-90,integration hypothesis: center+inner group relative to outer; not an objectively correct answer,0,90,150,-120,-30,155.586568662584,2.23572310013697,1,1.56795800011605,218.154960013926,184.644213099932,0,1,,0,NONE,0.0166957220016047,0.0166832958328693,0.0179510000161827,0,59.8955828267794,2,preferred-external-screen,1920,1080,1100,800,598,336,60,36.2419979414704,0,0,0,0,25.1.0.2943329 (R2025a),"3.0.19 - Flavor: Manual Install, 03-Jun-2025 15:56:55",win64
RS-MISSION-20260806-JP-TWO-GROUP-MOTION-DEMO,0.6.0,uncommitted,2026-08-26T20:04:11.062Z,ANON-20260826-145233-583,73,4,1,144,144,6,2,0,G15,5,-15,15,120,120,105,175.666427663413,0.5,0,-0.25,0.433012701892219,-0.133974596215561,0.5,-0.883974596215561,0.0669872981077807,0,0.866025403784439,-0.75,-0.433012701892219,100,[33 50 100],10,50,250,1,[0 250 0],[0 153 255],[255 0 0],20260806,29.1393456232017,-90.8606543767983,-90.8606543767983,-90,integration hypothesis: center+inner group relative to outer; not an objectively correct answer,0,90,30,120,-150,-0.860654376798266,5.9721758000087,1,1.38533849990927,196.240619989112,147.521412321124,0,1,,0,NONE,0.0166957220016047,0.0166984932778888,0.01858099992387,0,59.8955828267794,2,preferred-external-screen,1920,1080,1100,800,598,336,60,36.2419979414704,0,0,0,0,25.1.0.2943329 (R2025a),"3.0.19 - Flavor: Manual Install, 03-Jun-2025 15:56:55",win64
RS-MISSION-20260806-JP-TWO-GROUP-MOTION-DEMO,0.6.0,uncommitted,2026-08-26T20:04:23.510Z,ANON-20260826-145233-583,74,4,2,144,144,6,2,0,G45,8,-45,45,120,120,75,156.206023113003,0.5,0,-0.25,0.433012701892219,0.183012701892219,0.683012701892219,-0.566987298107781,0.25,0,0.866025403784439,-0.75,-0.433012701892219,33,[33 50 100],3,17,83,0,[0 250 0],[255 0 0],[0 153 255],20260806,106.472968211249,-13.5270317887507,-13.5270317887507,-90,integration hypothesis: center+inner group relative to outer; not an objectively correct answer,0,90,30,120,-150,76.4729682112493,9.55969660007395,1,1.55101769999601,216.122123999521,181.894260525652,0,1,,0,NONE,0.0166957220016047,0.016683864706595,0.0178325001616031,0,59.8955828267794,2,preferred-external-screen,1920,1080,1100,800,598,336,60,36.2419979414704,0,0,0,0,25.1.0.2943329 (R2025a),"3.0.19 - Flavor: Manual Install, 03-Jun-2025 15:56:55",win64
RS-MISSION-20260806-JP-TWO-GROUP-MOTION-DEMO,0.6.0,uncommitted,2026-08-26T20:04:28.210Z,ANON-20260826-145233-583,75,4,3,144,144,6,2,0,G05,3,-5,5,120,120,115,178.697696962912,0.5,0,-0.25,0.433012701892219,-0.2121162974217,0.4548848677737,-0.9621162974217,0.021872165881481,0,0.866025403784439,-0.75,-0.433012701892219,50,[33 50 100],5,25,125,0,[0 250 0],[255 0 0],[0 153 255],20260806,-33.3933508170256,-153.393350817026,-153.393350817026,-90,integration hypothesis: center+inner group relative to outer; not an objectively correct answer,0,90,30,120,-150,-63.3933508170256,1.80215350002982,1,1.25207970011979,180.249564014375,121.389977515702,0,1,,0,NONE,0.0166957220016047,0.0166821521022083,0.0189067998435348,0,59.8955828267794,2,preferred-external-screen,1920,1080,1100,800,598,336,60,36.2419979414704,0,0,0,0,25.1.0.2943329 (R2025a),"3.0.19 - Flavor: Manual Install, 03-Jun-2025 15:56:55",win64
RS-MISSION-20260806-JP-TWO-GROUP-MOTION-DEMO,0.6.0,uncommitted,2026-08-26T20:04:32.774Z,ANON-20260826-145233-583,76,4,4,144,144,6,2,0,G15,5,-15,15,120,120,105,175.666427663413,0.5,0,-0.25,0.433012701892219,-0.133974596215561,0.5,-0.883974596215561,0.0669872981077807,0,0.866025403784439,-0.75,-0.433012701892219,50,[33 50 100],5,25,125,1,[0 250 0],[0 153 255],[255 0 0],20260806,-32.6251496067745,-152.625149606775,-152.625149606775,-90,integration hypothesis: center+inner group relative to outer; not an objectively correct answer,0,90,30,120,-150,-62.6251496067745,1.66797169996426,1,1.11785090016201,164.142108019441,99.0974986775131,0,1,,0,NONE,0.0166957220016047,0.0166874117660141,0.0193551999982446,0,59.8955828267794,2,preferred-external-screen,1920,1080,1100,800,598,336,60,36.2419979414704,0,0,0,0,25.1.0.2943329 (R2025a),"3.0.19 - Flavor: Manual Install, 03-Jun-2025 15:56:55",win64
RS-MISSION-20260806-JP-TWO-GROUP-MOTION-DEMO,0.6.0,uncommitted,2026-08-26T20:04:38.106Z,ANON-20260826-145233-583,77,4,5,144,144,6,2,0,G03,2,-3,3,120,120,117,179.231928806588,0.5,0,-0.25,0.433012701892219,-0.227306765892479,0.44611464671298,-0.977306765892479,0.0131019448207603,0,0.866025403784439,-0.75,-0.433012701892219,33,[33 50 100],3,17,83,1,[0 250 0],[0 153 255],[255 0 0],20260806,-69.5503216513312,170.449678348669,170.449678348669,-90,integration hypothesis: center+inner group relative to outer; not an objectively correct answer,0,90,30,120,-150,-99.5503216513312,2.45230220002122,1,1.18405629997142,172.08675599657,109.329940852975,0,1,,0,NONE,0.0166957220016047,0.0166811033605966,0.0189859999809414,0,59.8955828267794,2,preferred-external-screen,1920,1080,1100,800,598,336,60,36.2419979414704,0,0,0,0,25.1.0.2943329 (R2025a),"3.0.19 - Flavor: Manual Install, 03-Jun-2025 15:56:55",win64
RS-MISSION-20260806-JP-TWO-GROUP-MOTION-DEMO,0.6.0,uncommitted,2026-08-26T20:04:42.185Z,ANON-20260826-145233-583,78,4,6,144,144,6,2,0,G05,3,-5,5,120,120,115,178.697696962912,0.5,0,-0.25,0.433012701892219,-0.2121162974217,0.4548848677737,-0.9621162974217,0.021872165881481,0,0.866025403784439,-0.75,-0.433012701892219,100,[33 50 100],10,50,250,1,[0 250 0],[0 153 255],[255 0 0],20260806,15.2007702192162,-104.799229780784,-104.799229780784,-90,integration hypothesis: center+inner group relative to outer; not an objectively correct answer,0,90,30,120,-150,-14.7992297807838,1.20201580016874,1,0.46778059983626,86.1336719803512,17.1055534153543,0,1,,0,NONE,0.0166957220016047,0.0166895294135452,0.0179252000525594,0,59.8955828267794,2,preferred-external-screen,1920,1080,1100,800,598,336,60,36.2419979414704,0,0,0,0,25.1.0.2943329 (R2025a),"3.0.19 - Flavor: Manual Install, 03-Jun-2025 15:56:55",win64
RS-MISSION-20260806-JP-TWO-GROUP-MOTION-DEMO,0.6.0,uncommitted,2026-08-26T20:04:47.192Z,ANON-20260826-145233-583,79,4,7,144,144,6,2,0,G30,7,-30,30,120,120,90,169.106605350869,0.5,0,-0.25,0.433012701892219,-2.77555756156289e-17,0.577350269189626,-0.75,0.144337567297406,0,0.866025403784439,-0.75,-0.433012701892219,100,[33 50 100],10,50,250,0,[0 250 0],[255 0 0],[0 153 255],20260806,-67.3474685664707,172.652531433529,172.652531433529,-90,integration hypothesis: center+inner group relative to outer; not an objectively correct answer,0,90,30,120,-150,-97.3474685664706,2.1185068001505,1,1.66877530002967,230.25303600356,208.355147200468,0,1,,0,NONE,0.0166957220016047,0.0166840400003518,0.0180514000821859,0,59.8955828267794,2,preferred-external-screen,1920,1080,1100,800,598,336,60,36.2419979414704,0,0,0,0,25.1.0.2943329 (R2025a),"3.0.19 - Flavor: Manual Install, 03-Jun-2025 15:56:55",win64
RS-MISSION-20260806-JP-TWO-GROUP-MOTION-DEMO,0.6.0,uncommitted,2026-08-26T20:04:52.054Z,ANON-20260826-145233-583,80,4,8,144,144,6,2,0,G20,6,-20,20,120,120,100,173.83502233193,0.5,0,-0.25,0.433012701892219,-0.0923962654520477,0.52400526045877,-0.842396265452048,0.0909925585665506,0,0.866025403784439,-0.75,-0.433012701892219,100,[33 50 100],10,50,250,0,[0 250 0],[255 0 0],[0 153 255],20260806,-31.0450056852066,-151.045005685207,-151.045005685207,-90,integration hypothesis: center+inner group relative to outer; not an objectively correct answer,0,90,30,120,-150,-61.0450056852066,2.00236089993268,1,1.28580110007897,184.296132009476,128.473998909371,0,1,,0,NONE,0.0166957220016047,0.0166667116670093,0.0183382998220623,0,59.8955828267794,2,preferred-external-screen,1920,1080,1100,800,598,336,60,36.2419979414704,0,0,0,0,25.1.0.2943329 (R2025a),"3.0.19 - Flavor: Manual Install, 03-Jun-2025 15:56:55",win64
RS-MISSION-20260806-JP-TWO-GROUP-MOTION-DEMO,0.6.0,uncommitted,2026-08-26T20:04:56.822Z,ANON-20260826-145233-583,81,4,9,144,144,6,2,0,G45,8,-45,45,120,120,75,156.206023113003,0.5,0,-0.25,0.433012701892219,0.183012701892219,0.683012701892219,-0.566987298107781,0.25,0,0.866025403784439,-0.75,-0.433012701892219,50,[33 50 100],5,25,125,0,[0 250 0],[255 0 0],[0 153 255],20260806,-113.595584924661,126.404415075339,126.404415075339,-90,integration hypothesis: center+inner group relative to outer; not an objectively correct answer,0,90,30,120,-150,-143.595584924661,1.90245619998313,1,1.28301719995216,183.962063994259,128.068740664249,0,1,,0,NONE,0.0166957220016047,0.0166830840332731,0.0180170999374241,0,59.8955828267794,2,preferred-external-screen,1920,1080,1100,800,598,336,60,36.2419979414704,0,0,0,0,25.1.0.2943329 (R2025a),"3.0.19 - Flavor: Manual Install, 03-Jun-2025 15:56:55",win64
RS-MISSION-20260806-JP-TWO-GROUP-MOTION-DEMO,0.6.0,uncommitted,2026-08-26T20:05:00.550Z,ANON-20260826-145233-583,82,4,10,144,144,6,2,0,G10,4,-10,10,120,120,110,177.267592790388,0.5,0,-0.25,0.433012701892219,-0.17364817766693,0.477094447069336,-0.92364817766693,0.0440817451771163,0,0.866025403784439,-0.75,-0.433012701892219,33,[33 50 100],3,17,83,1,[0 250 0],[0 153 255],[255 0 0],20260806,-77.8882681340499,162.11173186595,162.11173186595,-90,integration hypothesis: center+inner group relative to outer; not an objectively correct answer,0,90,30,120,-150,-107.88826813405,0.849987700115889,0,0,0,0,0,1,,0,NONE,0.0166957220016047,0.0166312700001678,0.0178306000307202,0,59.8955828267794,2,preferred-external-screen,1920,1080,1100,800,598,336,60,36.2419979414704,0,0,0,0,25.1.0.2943329 (R2025a),"3.0.19 - Flavor: Manual Install, 03-Jun-2025 15:56:55",win64
RS-MISSION-20260806-JP-TWO-GROUP-MOTION-DEMO,0.6.0,uncommitted,2026-08-26T20:05:07.905Z,ANON-20260826-145233-583,83,4,11,144,144,6,2,0,G00,1,-0,0,120,120,120,180,0.5,0,-0.25,0.433012701892219,-0.25,0.433012701892219,-1,0,0,0.866025403784439,-0.75,-0.433012701892219,100,[33 50 100],10,50,250,1,[0 250 0],[0 153 255],[255 0 0],20260806,-45.5359475773599,-165.53594757736,-165.53594757736,-90,integration hypothesis: center+inner group relative to outer; not an objectively correct answer,0,NaN,30,120,NaN,-75.5359475773599,4.48686169995926,1,2.10319910012186,282.383892014623,319.170173927134,0,1,,0,NONE,0.0166957220016047,0.0166876697482369,0.0189877999946475,0,59.8955828267794,2,preferred-external-screen,1920,1080,1100,800,598,336,60,36.2419979414704,0,0,0,0,25.1.0.2943329 (R2025a),"3.0.19 - Flavor: Manual Install, 03-Jun-2025 15:56:55",win64
RS-MISSION-20260806-JP-TWO-GROUP-MOTION-DEMO,0.6.0,uncommitted,2026-08-26T20:05:12.670Z,ANON-20260826-145233-583,84,4,12,144,144,6,2,0,G05,3,-5,5,120,120,115,178.697696962912,0.5,0,-0.25,0.433012701892219,-0.2121162974217,0.4548848677737,-0.9621162974217,0.021872165881481,0,0.866025403784439,-0.75,-0.433012701892219,33,[33 50 100],3,17,83,0,[0 250 0],[255 0 0],[0 153 255],20260806,-75.1985314949743,164.801468505026,164.801468505026,-90,integration hypothesis: center+inner group relative to outer; not an objectively correct answer,0,90,30,120,-150,-105.198531494974,1.86715109995566,2,0.734635500004515,118.156260000542,50.1043743612001,0,1,,0,NONE,0.0166957220016047,0.0166829386549931,0.0180794999469072,0,59.8955828267794,2,preferred-external-screen,1920,1080,1100,800,598,336,60,36.2419979414704,0,0,0,0,25.1.0.2943329 (R2025a),"3.0.19 - Flavor: Manual Install, 03-Jun-2025 15:56:55",win64
RS-MISSION-20260806-JP-TWO-GROUP-MOTION-DEMO,0.6.0,uncommitted,2026-08-26T20:05:18.138Z,ANON-20260826-145233-583,85,4,13,144,144,6,2,0,G00,1,-0,0,120,120,120,180,0.5,0,-0.25,0.433012701892219,-0.25,0.433012701892219,-1,0,0,0.866025403784439,-0.75,-0.433012701892219,33,[33 50 100],3,17,83,0,[0 250 0],[255 0 0],[0 153 255],20260806,-128.439582599188,111.560417400812,111.560417400812,-90,integration hypothesis: center+inner group relative to outer; not an objectively correct answer,0,NaN,30,120,NaN,-158.439582599188,2.60238260007463,2,1.03389200009406,154.067040011287,128.282195476879,0,1,,0,NONE,0.0166957220016047,0.0166189783330386,0.0189271001145244,0,59.8955828267794,2,preferred-external-screen,1920,1080,1100,800,598,336,60,36.2419979414704,0,0,0,0,25.1.0.2943329 (R2025a),"3.0.19 - Flavor: Manual Install, 03-Jun-2025 15:56:55",win64
RS-MISSION-20260806-JP-TWO-GROUP-MOTION-DEMO,0.6.0,uncommitted,2026-08-26T20:05:22.615Z,ANON-20260826-145233-583,86,4,14,144,144,6,2,0,G03,2,-3,3,120,120,117,179.231928806588,0.5,0,-0.25,0.433012701892219,-0.227306765892479,0.44611464671298,-0.977306765892479,0.0131019448207603,0,0.866025403784439,-0.75,-0.433012701892219,50,[33 50 100],5,25,125,1,[0 250 0],[0 153 255],[255 0 0],20260806,-79.6931204943812,160.306879505619,160.306879505619,-90,integration hypothesis: center+inner group relative to outer; not an objectively correct answer,0,90,30,120,-150,-109.693120494381,1.60120450006798,1,1.01683479989879,152.020175987855,82.1253417459514,0,1,,0,NONE,0.0166957220016047,0.0166842766668803,0.0182401000056416,0,59.8955828267794,2,preferred-external-screen,1920,1080,1100,800,598,336,60,36.2419979414704,0,0,0,0,25.1.0.2943329 (R2025a),"3.0.19 - Flavor: Manual Install, 03-Jun-2025 15:56:55",win64
RS-MISSION-20260806-JP-TWO-GROUP-MOTION-DEMO,0.6.0,uncommitted,2026-08-26T20:05:27.398Z,ANON-20260826-145233-583,87,4,15,144,144,6,2,0,G30,7,-30,30,120,120,90,169.106605350869,0.5,0,-0.25,0.433012701892219,-2.77555756156289e-17,0.577350269189626,-0.75,0.144337567297406,0,0.866025403784439,-0.75,-0.433012701892219,33,[33 50 100],3,17,83,1,[0 250 0],[0 153 255],[255 0 0],20260806,-28.1220583393006,-148.122058339301,-148.122058339301,-90,integration hypothesis: center+inner group relative to outer; not an objectively correct answer,0,90,30,120,-150,-58.1220583393006,1.90221089986153,1,0.534423000179231,94.1307600215077,23.1625330996008,0,1,,0,NONE,0.0166957220016047,0.0166274491678147,0.0189594000112265,0,59.8955828267794,2,preferred-external-screen,1920,1080,1100,800,598,336,60,36.2419979414704,0,0,0,0,25.1.0.2943329 (R2025a),"3.0.19 - Flavor: Manual Install, 03-Jun-2025 15:56:55",win64
RS-MISSION-20260806-JP-TWO-GROUP-MOTION-DEMO,0.6.0,uncommitted,2026-08-26T20:05:31.878Z,ANON-20260826-145233-583,88,4,16,144,144,6,2,0,G10,4,-10,10,120,120,110,177.267592790388,0.5,0,-0.25,0.433012701892219,-0.17364817766693,0.477094447069336,-0.92364817766693,0.0440817451771163,0,0.866025403784439,-0.75,-0.433012701892219,50,[33 50 100],5,25,125,1,[0 250 0],[0 153 255],[255 0 0],20260806,-48.5202781471385,-168.520278147139,-168.520278147139,-90,integration hypothesis: center+inner group relative to outer; not an objectively correct answer,0,90,30,120,-150,-78.5202781471385,1.59937140019611,1,0.885939000174403,136.312680020928,63.9710346846374,0,1,,0,NONE,0.0166957220016047,0.0166910283345108,0.0186837001238018,0,59.8955828267794,2,preferred-external-screen,1920,1080,1100,800,598,336,60,36.2419979414704,0,0,0,0,25.1.0.2943329 (R2025a),"3.0.19 - Flavor: Manual Install, 03-Jun-2025 15:56:55",win64
RS-MISSION-20260806-JP-TWO-GROUP-MOTION-DEMO,0.6.0,uncommitted,2026-08-26T20:05:36.587Z,ANON-20260826-145233-583,89,4,17,144,144,6,2,0,G15,5,-15,15,120,120,105,175.666427663413,0.5,0,-0.25,0.433012701892219,-0.133974596215561,0.5,-0.883974596215561,0.0669872981077807,0,0.866025403784439,-0.75,-0.433012701892219,33,[33 50 100],3,17,83,1,[0 250 0],[0 153 255],[255 0 0],20260806,72.3478927677484,-47.6521072322516,-47.6521072322516,-90,integration hypothesis: center+inner group relative to outer; not an objectively correct answer,0,90,30,120,-150,42.3478927677484,1.80111460015178,1,0.900990700116381,138.118884013966,66.0996798242803,0,1,,0,NONE,0.0166957220016047,0.0166933966405345,0.0191432000137866,0,59.8955828267794,2,preferred-external-screen,1920,1080,1100,800,598,336,60,36.2419979414704,0,0,0,0,25.1.0.2943329 (R2025a),"3.0.19 - Flavor: Manual Install, 03-Jun-2025 15:56:55",win64
RS-MISSION-20260806-JP-TWO-GROUP-MOTION-DEMO,0.6.0,uncommitted,2026-08-26T20:05:40.811Z,ANON-20260826-145233-583,90,4,18,144,144,6,2,0,G30,7,-30,30,120,120,90,169.106605350869,0.5,0,-0.25,0.433012701892219,-2.77555756156289e-17,0.577350269189626,-0.75,0.144337567297406,0,0.866025403784439,-0.75,-0.433012701892219,50,[33 50 100],5,25,125,0,[0 250 0],[255 0 0],[0 153 255],20260806,-29.8506164866042,-149.850616486604,-149.850616486604,-90,integration hypothesis: center+inner group relative to outer; not an objectively correct answer,0,90,30,120,-150,-59.8506164866042,1.35140049993061,1,0.617303099948913,104.07637199387,30.5585746616476,0,1,,0,NONE,0.0166957220016047,0.0166848193278865,0.0192734999582171,0,59.8955828267794,2,preferred-external-screen,1920,1080,1100,800,598,336,60,36.2419979414704,0,0,0,0,25.1.0.2943329 (R2025a),"3.0.19 - Flavor: Manual Install, 03-Jun-2025 15:56:55",win64
RS-MISSION-20260806-JP-TWO-GROUP-MOTION-DEMO,0.6.0,uncommitted,2026-08-26T20:05:46.185Z,ANON-20260826-145233-583,91,4,19,144,144,6,2,0,G00,1,-0,0,120,120,120,180,0.5,0,-0.25,0.433012701892219,-0.25,0.433012701892219,-1,0,0,0.866025403784439,-0.75,-0.433012701892219,50,[33 50 100],5,25,125,0,[0 250 0],[255 0 0],[0 153 255],20260806,-11.8982007570661,-131.898200757066,-131.898200757066,-90,integration hypothesis: center+inner group relative to outer; not an objectively correct answer,0,NaN,30,120,NaN,-41.8982007570661,2.45074080000632,1,1.68576700007543,232.292040009052,212.257809023006,0,1,,0,NONE,0.0166957220016047,0.016695676666374,0.0180852999910712,0,59.8955828267794,2,preferred-external-screen,1920,1080,1100,800,598,336,60,36.2419979414704,0,0,0,0,25.1.0.2943329 (R2025a),"3.0.19 - Flavor: Manual Install, 03-Jun-2025 15:56:55",win64
RS-MISSION-20260806-JP-TWO-GROUP-MOTION-DEMO,0.6.0,uncommitted,2026-08-26T20:05:51.104Z,ANON-20260826-145233-583,92,4,20,144,144,6,2,0,G45,8,-45,45,120,120,75,156.206023113003,0.5,0,-0.25,0.433012701892219,0.183012701892219,0.683012701892219,-0.566987298107781,0.25,0,0.866025403784439,-0.75,-0.433012701892219,100,[33 50 100],10,50,250,0,[0 250 0],[255 0 0],[0 153 255],20260806,-26.4996279343544,-146.499627934354,-146.499627934354,-90,integration hypothesis: center+inner group relative to outer; not an objectively correct answer,0,90,30,120,-150,-56.4996279343544,2.03454770008102,1,1.3170038999524,188.040467994288,133.40188680699,0,1,,0,NONE,0.0166957220016047,0.0166769333319583,0.0186636000871658,0,59.8955828267794,2,preferred-external-screen,1920,1080,1100,800,598,336,60,36.2419979414704,0,0,0,0,25.1.0.2943329 (R2025a),"3.0.19 - Flavor: Manual Install, 03-Jun-2025 15:56:55",win64
RS-MISSION-20260806-JP-TWO-GROUP-MOTION-DEMO,0.6.0,uncommitted,2026-08-26T20:05:55.777Z,ANON-20260826-145233-583,93,4,21,144,144,6,2,0,G10,4,-10,10,120,120,110,177.267592790388,0.5,0,-0.25,0.433012701892219,-0.17364817766693,0.477094447069336,-0.92364817766693,0.0440817451771163,0,0.866025403784439,-0.75,-0.433012701892219,100,[33 50 100],10,50,250,0,[0 250 0],[255 0 0],[0 153 255],20260806,-28.4781497511348,-148.478149751135,-148.478149751135,-90,integration hypothesis: center+inner group relative to outer; not an objectively correct answer,0,90,30,120,-150,-58.4781497511348,1.7679371999111,1,0.901030100183561,138.123612022027,65.1974024817644,0,1,,0,NONE,0.0166957220016047,0.016683554998599,0.018101500114426,0,59.8955828267794,2,preferred-external-screen,1920,1080,1100,800,598,336,60,36.2419979414704,0,0,0,0,25.1.0.2943329 (R2025a),"3.0.19 - Flavor: Manual Install, 03-Jun-2025 15:56:55",win64
RS-MISSION-20260806-JP-TWO-GROUP-MOTION-DEMO,0.6.0,uncommitted,2026-08-26T20:06:02.978Z,ANON-20260826-145233-583,94,4,22,144,144,6,2,0,G20,6,-20,20,120,120,100,173.83502233193,0.5,0,-0.25,0.433012701892219,-0.0923962654520477,0.52400526045877,-0.842396265452048,0.0909925585665506,0,0.866025403784439,-0.75,-0.433012701892219,50,[33 50 100],5,25,125,0,[0 250 0],[255 0 0],[0 153 255],20260806,-22.0758777522169,-142.075877752217,-142.075877752217,-90,integration hypothesis: center+inner group relative to outer; not an objectively correct answer,0,90,30,120,-150,-52.0758777522169,4.28811970003881,1,1.45117289992049,204.140747990459,160.857795923853,0,1,,0,NONE,0.0166957220016047,0.0166785741671144,0.0179284999612719,0,59.8955828267794,2,preferred-external-screen,1920,1080,1100,800,598,336,60,36.2419979414704,0,0,0,0,25.1.0.2943329 (R2025a),"3.0.19 - Flavor: Manual Install, 03-Jun-2025 15:56:55",win64
RS-MISSION-20260806-JP-TWO-GROUP-MOTION-DEMO,0.6.0,uncommitted,2026-08-26T20:06:07.705Z,ANON-20260826-145233-583,95,4,23,144,144,6,2,0,G20,6,-20,20,120,120,100,173.83502233193,0.5,0,-0.25,0.433012701892219,-0.0923962654520477,0.52400526045877,-0.842396265452048,0.0909925585665506,0,0.866025403784439,-0.75,-0.433012701892219,33,[33 50 100],3,17,83,0,[0 250 0],[255 0 0],[0 153 255],20260806,-41.9177257964721,-161.917725796472,-161.917725796472,-90,integration hypothesis: center+inner group relative to outer; not an objectively correct answer,0,90,30,120,-150,-71.9177257964721,1.83482059999369,1,0.985017899889499,148.20214798674,78.2226288416074,0,1,,0,NONE,0.0166957220016047,0.0166821521002518,0.0184980998747051,0,59.8955828267794,2,preferred-external-screen,1920,1080,1100,800,598,336,60,36.2419979414704,0,0,0,0,25.1.0.2943329 (R2025a),"3.0.19 - Flavor: Manual Install, 03-Jun-2025 15:56:55",win64
RS-MISSION-20260806-JP-TWO-GROUP-MOTION-DEMO,0.6.0,uncommitted,2026-08-26T20:06:12.944Z,ANON-20260826-145233-583,96,4,24,144,144,6,2,0,G03,2,-3,3,120,120,117,179.231928806588,0.5,0,-0.25,0.433012701892219,-0.227306765892479,0.44611464671298,-0.977306765892479,0.0131019448207603,0,0.866025403784439,-0.75,-0.433012701892219,100,[33 50 100],10,50,250,0,[0 250 0],[255 0 0],[0 153 255],20260806,35.7006489143844,-84.2993510856156,-84.2993510856156,-90,integration hypothesis: center+inner group relative to outer; not an objectively correct answer,0,90,30,120,-150,5.70064891438437,2.30138289998285,1,1.20184629992582,174.221555991098,112.436866394766,0,1,,0,NONE,0.0166957220016047,0.0166797899990343,0.0190836999099702,0,59.8955828267794,2,preferred-external-screen,1920,1080,1100,800,598,336,60,36.2419979414704,0,0,0,0,25.1.0.2943329 (R2025a),"3.0.19 - Flavor: Manual Install, 03-Jun-2025 15:56:55",win64
RS-MISSION-20260806-JP-TWO-GROUP-MOTION-DEMO,0.6.0,uncommitted,2026-08-26T20:06:17.481Z,ANON-20260826-145233-583,97,5,1,144,144,6,2,0,G10,4,-10,10,240,-120,-130,-62.7324072096124,0.5,0,-0.25,-0.433012701892219,-0.32635182233307,-0.388930956715103,0.42364817766693,-0.821943658607322,0,0.866025403784439,0.75,-0.433012701892219,33,[33 50 100],3,17,83,0,[0 250 0],[255 0 0],[0 153 255],20260806,66.9022209363093,-173.097779063691,-173.097779063691,-90,integration hypothesis: center+inner group relative to outer; not an objectively correct answer,0,90,150,-120,-30,-83.0977790636907,1.65032640006393,1,0.51714379992336,92.0572559908032,21.5573297012416,0,1,,0,NONE,0.0166957220016047,0.0166707349999342,0.0180540999863297,0,59.8955828267794,2,preferred-external-screen,1920,1080,1100,800,598,336,60,36.2419979414704,0,0,0,0,25.1.0.2943329 (R2025a),"3.0.19 - Flavor: Manual Install, 03-Jun-2025 15:56:55",win64
RS-MISSION-20260806-JP-TWO-GROUP-MOTION-DEMO,0.6.0,uncommitted,2026-08-26T20:06:22.831Z,ANON-20260826-145233-583,98,5,2,144,144,6,2,0,G03,2,-3,3,240,-120,-123,-60.7680711934123,0.5,0,-0.25,-0.433012701892219,-0.272693234107521,-0.419910757071459,0.477306765892479,-0.852923458963678,0,0.866025403784439,0.75,-0.433012701892219,33,[33 50 100],3,17,83,1,[0 250 0],[0 153 255],[255 0 0],20260806,53.8802095805761,173.880209580576,173.880209580576,-90,integration hypothesis: center+inner group relative to outer; not an objectively correct answer,0,90,150,-120,-30,-96.1197904194239,2.46807130007073,1,1.5681359001901,218.176308022812,184.670658002578,0,1,,0,NONE,0.0166957220016047,0.0166758108321422,0.0190430001821369,0,59.8955828267794,2,preferred-external-screen,1920,1080,1100,800,598,336,60,36.2419979414704,0,0,0,0,25.1.0.2943329 (R2025a),"3.0.19 - Flavor: Manual Install, 03-Jun-2025 15:56:55",win64
RS-MISSION-20260806-JP-TWO-GROUP-MOTION-DEMO,0.6.0,uncommitted,2026-08-26T20:06:27.611Z,ANON-20260826-145233-583,99,5,3,144,144,6,2,0,G05,3,-5,5,240,-120,-125,-61.3023030370879,0.5,0,-0.25,-0.433012701892219,-0.2878837025783,-0.411140536010738,0.4621162974217,-0.844153237902958,0,0.866025403784439,0.75,-0.433012701892219,33,[33 50 100],3,17,83,1,[0 250 0],[0 153 255],[255 0 0],20260806,48.4375067377021,168.437506737702,168.437506737702,-90,integration hypothesis: center+inner group relative to outer; not an objectively correct answer,0,90,150,-120,-30,-101.562493262298,1.88503900007345,1,1.13581039989367,166.297247987241,102.031522308547,0,1,,0,NONE,0.0166957220016047,0.0166895344536438,0.0185871999710798,0,59.8955828267794,2,preferred-external-screen,1920,1080,1100,800,598,336,60,36.2419979414704,0,0,0,0,25.1.0.2943329 (R2025a),"3.0.19 - Flavor: Manual Install, 03-Jun-2025 15:56:55",win64
RS-MISSION-20260806-JP-TWO-GROUP-MOTION-DEMO,0.6.0,uncommitted,2026-08-26T20:06:32.903Z,ANON-20260826-145233-583,100,5,4,144,144,6,2,0,G03,2,-3,3,240,-120,-123,-60.7680711934123,0.5,0,-0.25,-0.433012701892219,-0.272693234107521,-0.419910757071459,0.477306765892479,-0.852923458963678,0,0.866025403784439,0.75,-0.433012701892219,100,[33 50 100],10,50,250,0,[0 250 0],[255 0 0],[0 153 255],20260806,45.866945772027,165.866945772027,165.866945772027,-90,integration hypothesis: center+inner group relative to outer; not an objectively correct answer,0,90,150,-120,-30,-104.133054227973,2.38435619999655,1,1.61668330011889,224.001996014267,195.463208186399,0,1,,0,NONE,0.0166957220016047,0.0166506450002392,0.0185293001122773,0,59.8955828267794,2,preferred-external-screen,1920,1080,1100,800,598,336,60,36.2419979414704,0,0,0,0,25.1.0.2943329 (R2025a),"3.0.19 - Flavor: Manual Install, 03-Jun-2025 15:56:55",win64
RS-MISSION-20260806-JP-TWO-GROUP-MOTION-DEMO,0.6.0,uncommitted,2026-08-26T20:06:37.472Z,ANON-20260826-145233-583,101,5,5,144,144,6,2,0,G30,7,-30,30,240,-120,-150,-70.8933946491309,0.5,0,-0.25,-0.433012701892219,-0.5,-0.288675134594813,0.25,-0.721687836487032,0,0.866025403784439,0.75,-0.433012701892219,33,[33 50 100],3,17,83,1,[0 250 0],[0 153 255],[255 0 0],20260806,38.2254993524921,158.225499352492,158.225499352492,-90,integration hypothesis: center+inner group relative to outer; not an objectively correct answer,0,90,150,-120,-30,-111.774500647508,1.70130160008557,1,0.984366500051692,148.123980006203,77.1755071850136,0,1,,0,NONE,0.0166957220016047,0.016620260834073,0.0189755000174046,0,59.8955828267794,2,preferred-external-screen,1920,1080,1100,800,598,336,60,36.2419979414704,0,0,0,0,25.1.0.2943329 (R2025a),"3.0.19 - Flavor: Manual Install, 03-Jun-2025 15:56:55",win64
RS-MISSION-20260806-JP-TWO-GROUP-MOTION-DEMO,0.6.0,uncommitted,2026-08-26T20:06:43.745Z,ANON-20260826-145233-583,102,5,6,144,144,6,2,0,G30,7,-30,30,240,-120,-150,-70.8933946491309,0.5,0,-0.25,-0.433012701892219,-0.5,-0.288675134594813,0.25,-0.721687836487032,0,0.866025403784439,0.75,-0.433012701892219,100,[33 50 100],10,50,250,1,[0 250 0],[0 153 255],[255 0 0],20260806,133.532577498149,-106.467422501851,-106.467422501851,-90,integration hypothesis: center+inner group relative to outer; not an objectively correct answer,0,90,150,-120,-30,-16.4674225018508,3.37016040016897,2,1.41707610012963,200.049132015556,170.00580601063,0,1,,0,NONE,0.0166957220016047,0.0166448316672662,0.0189192998223007,0,59.8955828267794,2,preferred-external-screen,1920,1080,1100,800,598,336,60,36.2419979414704,0,0,0,0,25.1.0.2943329 (R2025a),"3.0.19 - Flavor: Manual Install, 03-Jun-2025 15:56:55",win64
RS-MISSION-20260806-JP-TWO-GROUP-MOTION-DEMO,0.6.0,uncommitted,2026-08-26T20:06:48.829Z,ANON-20260826-145233-583,103,5,7,144,144,6,2,0,G05,3,-5,5,240,-120,-125,-61.3023030370879,0.5,0,-0.25,-0.433012701892219,-0.2878837025783,-0.411140536010738,0.4621162974217,-0.844153237902958,0,0.866025403784439,0.75,-0.433012701892219,100,[33 50 100],10,50,250,0,[0 250 0],[255 0 0],[0 153 255],20260806,1.50685346041033,121.50685346041,121.50685346041,-90,integration hypothesis: center+inner group relative to outer; not an objectively correct answer,0,90,150,-120,-30,-148.49314653959,2.1691999998875,1,1.36798640014604,194.158368017524,143.205378162405,0,1,,0,NONE,0.0166957220016047,0.0166333108325489,0.0180254001170397,0,59.8955828267794,2,preferred-external-screen,1920,1080,1100,800,598,336,60,36.2419979414704,0,0,0,0,25.1.0.2943329 (R2025a),"3.0.19 - Flavor: Manual Install, 03-Jun-2025 15:56:55",win64
RS-MISSION-20260806-JP-TWO-GROUP-MOTION-DEMO,0.6.0,uncommitted,2026-08-26T20:06:52.807Z,ANON-20260826-145233-583,104,5,8,144,144,6,2,0,G45,8,-45,45,240,-120,-165,-83.7939768869969,0.5,0,-0.25,-0.433012701892219,-0.683012701892219,-0.183012701892219,0.0669872981077806,-0.616025403784439,0,0.866025403784439,0.75,-0.433012701892219,33,[33 50 100],3,17,83,0,[0 250 0],[255 0 0],[0 153 255],20260806,101.175065941232,-138.824934058768,-138.824934058768,-90,integration hypothesis: center+inner group relative to outer; not an objectively correct answer,0,90,150,-120,-30,-48.8249340587682,1.08340670005418,0,0,0,0,0,1,,0,NONE,0.0166957220016047,0.016675090000111,0.0178781000431627,0,59.8955828267794,2,preferred-external-screen,1920,1080,1100,800,598,336,60,36.2419979414704,0,0,0,0,25.1.0.2943329 (R2025a),"3.0.19 - Flavor: Manual Install, 03-Jun-2025 15:56:55",win64
RS-MISSION-20260806-JP-TWO-GROUP-MOTION-DEMO,0.6.0,uncommitted,2026-08-26T20:06:57.457Z,ANON-20260826-145233-583,105,5,9,144,144,6,2,0,G45,8,-45,45,240,-120,-165,-83.7939768869969,0.5,0,-0.25,-0.433012701892219,-0.683012701892219,-0.183012701892219,0.0669872981077806,-0.616025403784439,0,0.866025403784439,0.75,-0.433012701892219,100,[33 50 100],10,50,250,1,[0 250 0],[0 153 255],[255 0 0],20260806,115.560312834799,-124.439687165201,-124.439687165201,-90,integration hypothesis: center+inner group relative to outer; not an objectively correct answer,0,90,150,-120,-30,-34.4396871652006,1.73462560004555,1,0.900167299900204,138.020075988024,65.0350252051232,0,1,,0,NONE,0.0166957220016047,0.0166803563029325,0.0179509001318365,0,59.8955828267794,2,preferred-external-screen,1920,1080,1100,800,598,336,60,36.2419979414704,0,0,0,0,25.1.0.2943329 (R2025a),"3.0.19 - Flavor: Manual Install, 03-Jun-2025 15:56:55",win64
RS-MISSION-20260806-JP-TWO-GROUP-MOTION-DEMO,0.6.0,uncommitted,2026-08-26T20:07:01.634Z,ANON-20260826-145233-583,106,5,10,144,144,6,2,0,G10,4,-10,10,240,-120,-130,-62.7324072096124,0.5,0,-0.25,-0.433012701892219,-0.32635182233307,-0.388930956715103,0.42364817766693,-0.821943658607322,0,0.866025403784439,0.75,-0.433012701892219,100,[33 50 100],10,50,250,1,[0 250 0],[0 153 255],[255 0 0],20260806,43.6736333562864,163.673633356286,163.673633356286,-90,integration hypothesis: center+inner group relative to outer; not an objectively correct answer,0,90,150,-120,-30,-106.326366643714,1.2835184999276,1,0.668591799912974,110.231015989557,36.8591062540293,0,1,,0,NONE,0.0166957220016047,0.0166645608318504,0.0191603000275791,0,59.8955828267794,2,preferred-external-screen,1920,1080,1100,800,598,336,60,36.2419979414704,0,0,0,0,25.1.0.2943329 (R2025a),"3.0.19 - Flavor: Manual Install, 03-Jun-2025 15:56:55",win64
RS-MISSION-20260806-JP-TWO-GROUP-MOTION-DEMO,0.6.0,uncommitted,2026-08-26T20:07:06.283Z,ANON-20260826-145233-583,107,5,11,144,144,6,2,0,G00,1,-0,0,240,-120,-120,-60,0.5,0,-0.25,-0.433012701892219,-0.25,-0.433012701892219,0.5,-0.866025403784439,0,0.866025403784439,0.75,-0.433012701892219,50,[33 50 100],5,25,125,1,[0 250 0],[0 153 255],[255 0 0],20260806,41.7073511707948,161.707351170795,161.707351170795,-90,integration hypothesis: center+inner group relative to outer; not an objectively correct answer,0,NaN,150,-120,NaN,-108.292648829205,1.73513099993579,1,0.969111799960956,146.293415995315,75.8485601122507,0,1,,0,NONE,0.0166957220016047,0.0166899689077987,0.0180328998249024,0,59.8955828267794,2,preferred-external-screen,1920,1080,1100,800,598,336,60,36.2419979414704,0,0,0,0,25.1.0.2943329 (R2025a),"3.0.19 - Flavor: Manual Install, 03-Jun-2025 15:56:55",win64
RS-MISSION-20260806-JP-TWO-GROUP-MOTION-DEMO,0.6.0,uncommitted,2026-08-26T20:07:11.409Z,ANON-20260826-145233-583,108,5,12,144,144,6,2,0,G45,8,-45,45,240,-120,-165,-83.7939768869969,0.5,0,-0.25,-0.433012701892219,-0.683012701892219,-0.183012701892219,0.0669872981077806,-0.616025403784439,0,0.866025403784439,0.75,-0.433012701892219,50,[33 50 100],5,25,125,1,[0 250 0],[0 153 255],[255 0 0],20260806,-84.4535987996486,35.5464012003515,35.5464012003515,-90,integration hypothesis: center+inner group relative to outer; not an objectively correct answer,0,90,150,-120,-30,125.546401200351,2.2357477999758,1,1.38442400004715,196.130880005658,146.464167421284,0,1,,0,NONE,0.0166957220016047,0.0166442500000509,0.0179532000329345,0,59.8955828267794,2,preferred-external-screen,1920,1080,1100,800,598,336,60,36.2419979414704,0,0,0,0,25.1.0.2943329 (R2025a),"3.0.19 - Flavor: Manual Install, 03-Jun-2025 15:56:55",win64
RS-MISSION-20260806-JP-TWO-GROUP-MOTION-DEMO,0.6.0,uncommitted,2026-08-26T20:07:15.914Z,ANON-20260826-145233-583,109,5,13,144,144,6,2,0,G00,1,-0,0,240,-120,-120,-60,0.5,0,-0.25,-0.433012701892219,-0.25,-0.433012701892219,0.5,-0.866025403784439,0,0.866025403784439,0.75,-0.433012701892219,33,[33 50 100],3,17,83,1,[0 250 0],[0 153 255],[255 0 0],20260806,133.712861377668,-106.287138622332,-106.287138622332,-90,integration hypothesis: center+inner group relative to outer; not an objectively correct answer,0,NaN,150,-120,NaN,-16.2871386223318,1.60007659997791,1,0.801017199875787,126.122063985094,52.794883397802,0,1,,0,NONE,0.0166957220016047,0.0166900537814162,0.0179286000784487,0,59.8955828267794,2,preferred-external-screen,1920,1080,1100,800,598,336,60,36.2419979414704,0,0,0,0,25.1.0.2943329 (R2025a),"3.0.19 - Flavor: Manual Install, 03-Jun-2025 15:56:55",win64
RS-MISSION-20260806-JP-TWO-GROUP-MOTION-DEMO,0.6.0,uncommitted,2026-08-26T20:07:20.456Z,ANON-20260826-145233-583,110,5,14,144,144,6,2,0,G15,5,-15,15,240,-120,-135,-64.3335723365867,0.5,0,-0.25,-0.433012701892219,-0.366025403784439,-0.366025403784439,0.383974596215561,-0.799038105676658,0,0.866025403784439,0.75,-0.433012701892219,33,[33 50 100],3,17,83,0,[0 250 0],[255 0 0],[0 153 255],20260806,-154.963265644066,-34.9632656440661,-34.9632656440661,-90,integration hypothesis: center+inner group relative to outer; not an objectively correct answer,0,90,150,-120,-30,55.0367343559339,1.65198100009002,1,0.68410660000518,112.092792000622,38.7890677437978,0,1,,0,NONE,0.0166957220016047,0.0166853941163095,0.0188967001158744,0,59.8955828267794,2,preferred-external-screen,1920,1080,1100,800,598,336,60,36.2419979414704,0,0,0,0,25.1.0.2943329 (R2025a),"3.0.19 - Flavor: Manual Install, 03-Jun-2025 15:56:55",win64
RS-MISSION-20260806-JP-TWO-GROUP-MOTION-DEMO,0.6.0,uncommitted,2026-08-26T20:07:26.373Z,ANON-20260826-145233-583,111,5,15,144,144,6,2,0,G10,4,-10,10,240,-120,-130,-62.7324072096124,0.5,0,-0.25,-0.433012701892219,-0.32635182233307,-0.388930956715103,0.42364817766693,-0.821943658607322,0,0.866025403784439,0.75,-0.433012701892219,50,[33 50 100],5,25,125,0,[0 250 0],[255 0 0],[0 153 255],20260806,-152.582925485284,-32.5829254852842,-32.5829254852842,-90,integration hypothesis: center+inner group relative to outer; not an objectively correct answer,0,90,150,-120,-30,57.4170745147158,3.05313479993492,1,1.80187790002674,246.225348003209,240.148695195621,0,1,,0,NONE,0.0166957220016047,0.0166879008414552,0.019039100036025,0,59.8955828267794,2,preferred-external-screen,1920,1080,1100,800,598,336,60,36.2419979414704,0,0,0,0,25.1.0.2943329 (R2025a),"3.0.19 - Flavor: Manual Install, 03-Jun-2025 15:56:55",win64
RS-MISSION-20260806-JP-TWO-GROUP-MOTION-DEMO,0.6.0,uncommitted,2026-08-26T20:07:30.811Z,ANON-20260826-145233-583,112,5,16,144,144,6,2,0,G15,5,-15,15,240,-120,-135,-64.3335723365867,0.5,0,-0.25,-0.433012701892219,-0.366025403784439,-0.366025403784439,0.383974596215561,-0.799038105676658,0,0.866025403784439,0.75,-0.433012701892219,50,[33 50 100],5,25,125,0,[0 250 0],[255 0 0],[0 153 255],20260806,134.9650851535,-105.0349148465,-105.0349148465,-90,integration hypothesis: center+inner group relative to outer; not an objectively correct answer,0,90,150,-120,-30,-15.0349148464995,1.58449600008316,1,0.768920600181445,122.270472021773,48.7691292261591,0,1,,0,NONE,0.0166957220016047,0.0166286875008761,0.0190524000208825,0,59.8955828267794,2,preferred-external-screen,1920,1080,1100,800,598,336,60,36.2419979414704,0,0,0,0,25.1.0.2943329 (R2025a),"3.0.19 - Flavor: Manual Install, 03-Jun-2025 15:56:55",win64
RS-MISSION-20260806-JP-TWO-GROUP-MOTION-DEMO,0.6.0,uncommitted,2026-08-26T20:07:34.908Z,ANON-20260826-145233-583,113,5,17,144,144,6,2,0,G15,5,-15,15,240,-120,-135,-64.3335723365867,0.5,0,-0.25,-0.433012701892219,-0.366025403784439,-0.366025403784439,0.383974596215561,-0.799038105676658,0,0.866025403784439,0.75,-0.433012701892219,100,[33 50 100],10,50,250,1,[0 250 0],[0 153 255],[255 0 0],20260806,49.5284006944277,169.528400694428,169.528400694428,-90,integration hypothesis: center+inner group relative to outer; not an objectively correct answer,0,90,150,-120,-30,-100.471599305572,1.18427280010656,1,0.78404669999145,124.085603998974,50.6010980023324,0,1,,0,NONE,0.0166957220016047,0.0166209416677399,0.0184082998894155,0,59.8955828267794,2,preferred-external-screen,1920,1080,1100,800,598,336,60,36.2419979414704,0,0,0,0,25.1.0.2943329 (R2025a),"3.0.19 - Flavor: Manual Install, 03-Jun-2025 15:56:55",win64
RS-MISSION-20260806-JP-TWO-GROUP-MOTION-DEMO,0.6.0,uncommitted,2026-08-26T20:07:40.251Z,ANON-20260826-145233-583,114,5,18,144,144,6,2,0,G20,6,-20,20,240,-120,-140,-66.16497766807,0.5,0,-0.25,-0.433012701892219,-0.407603734547952,-0.342020143325669,0.342396265452048,-0.775032845217888,0,0.866025403784439,0.75,-0.433012701892219,100,[33 50 100],10,50,250,0,[0 250 0],[255 0 0],[0 153 255],20260806,47.1668647174309,167.166864717431,167.166864717431,-90,integration hypothesis: center+inner group relative to outer; not an objectively correct answer,0,90,150,-120,-30,-102.833135282569,2.45235490007326,1,1.81809090008028,248.170908009633,243.197801776418,0,1,,0,NONE,0.0166957220016047,0.016680874999535,0.0178697998635471,0,59.8955828267794,2,preferred-external-screen,1920,1080,1100,800,598,336,60,36.2419979414704,0,0,0,0,25.1.0.2943329 (R2025a),"3.0.19 - Flavor: Manual Install, 03-Jun-2025 15:56:55",win64
RS-MISSION-20260806-JP-TWO-GROUP-MOTION-DEMO,0.6.0,uncommitted,2026-08-26T20:07:45.728Z,ANON-20260826-145233-583,115,5,19,144,144,6,2,0,G03,2,-3,3,240,-120,-123,-60.7680711934123,0.5,0,-0.25,-0.433012701892219,-0.272693234107521,-0.419910757071459,0.477306765892479,-0.852923458963678,0,0.866025403784439,0.75,-0.433012701892219,50,[33 50 100],5,25,125,0,[0 250 0],[255 0 0],[0 153 255],20260806,-25.9785421470043,94.0214578529957,94.0214578529957,-90,integration hypothesis: center+inner group relative to outer; not an objectively correct answer,0,90,150,-120,-30,-175.978542147004,2.58609009999782,1,1.60229119984433,222.27494398132,193.159071010447,0,1,,0,NONE,0.0166957220016047,0.0166438449989073,0.0190927998628467,0,59.8955828267794,2,preferred-external-screen,1920,1080,1100,800,598,336,60,36.2419979414704,0,0,0,0,25.1.0.2943329 (R2025a),"3.0.19 - Flavor: Manual Install, 03-Jun-2025 15:56:55",win64
RS-MISSION-20260806-JP-TWO-GROUP-MOTION-DEMO,0.6.0,uncommitted,2026-08-26T20:07:50.081Z,ANON-20260826-145233-583,116,5,20,144,144,6,2,0,G20,6,-20,20,240,-120,-140,-66.16497766807,0.5,0,-0.25,-0.433012701892219,-0.407603734547952,-0.342020143325669,0.342396265452048,-0.775032845217888,0,0.866025403784439,0.75,-0.433012701892219,33,[33 50 100],3,17,83,0,[0 250 0],[255 0 0],[0 153 255],20260806,145.48096393366,-94.5190360663397,-94.5190360663397,-90,integration hypothesis: center+inner group relative to outer; not an objectively correct answer,0,90,150,-120,-30,-4.51903606633971,1.46876699989662,1,0.701189500046894,114.142740005627,40.7827022987838,0,1,,0,NONE,0.0166957220016047,0.0166819142862497,0.0186413999181241,0,59.8955828267794,2,preferred-external-screen,1920,1080,1100,800,598,336,60,36.2419979414704,0,0,0,0,25.1.0.2943329 (R2025a),"3.0.19 - Flavor: Manual Install, 03-Jun-2025 15:56:55",win64
RS-MISSION-20260806-JP-TWO-GROUP-MOTION-DEMO,0.6.0,uncommitted,2026-08-26T20:07:55.083Z,ANON-20260826-145233-583,117,5,21,144,144,6,2,0,G05,3,-5,5,240,-120,-125,-61.3023030370879,0.5,0,-0.25,-0.433012701892219,-0.2878837025783,-0.411140536010738,0.4621162974217,-0.844153237902958,0,0.866025403784439,0.75,-0.433012701892219,50,[33 50 100],5,25,125,1,[0 250 0],[0 153 255],[255 0 0],20260806,-22.5755855875175,97.4244144124825,97.4244144124825,-90,integration hypothesis: center+inner group relative to outer; not an objectively correct answer,0,90,150,-120,-30,-172.575585587517,2.11853870004416,2,1.0340681001544,154.088172018528,96.5289244458519,0,1,,0,NONE,0.0166957220016047,0.016681407562637,0.0179214000236243,0,59.8955828267794,2,preferred-external-screen,1920,1080,1100,800,598,336,60,36.2419979414704,0,0,0,0,25.1.0.2943329 (R2025a),"3.0.19 - Flavor: Manual Install, 03-Jun-2025 15:56:55",win64
RS-MISSION-20260806-JP-TWO-GROUP-MOTION-DEMO,0.6.0,uncommitted,2026-08-26T20:07:59.841Z,ANON-20260826-145233-583,118,5,22,144,144,6,2,0,G20,6,-20,20,240,-120,-140,-66.16497766807,0.5,0,-0.25,-0.433012701892219,-0.407603734547952,-0.342020143325669,0.342396265452048,-0.775032845217888,0,0.866025403784439,0.75,-0.433012701892219,50,[33 50 100],5,25,125,1,[0 250 0],[0 153 255],[255 0 0],20260806,65.8549321933283,-174.145067806672,-174.145067806672,-90,integration hypothesis: center+inner group relative to outer; not an objectively correct answer,0,90,150,-120,-30,-84.1450678066717,1.86756779998541,1,0.901032499969006,138.123899996281,66.1584229583184,0,1,,0,NONE,0.0166957220016047,0.0166367391667639,0.0188170000910759,0,59.8955828267794,2,preferred-external-screen,1920,1080,1100,800,598,336,60,36.2419979414704,0,0,0,0,25.1.0.2943329 (R2025a),"3.0.19 - Flavor: Manual Install, 03-Jun-2025 15:56:55",win64
RS-MISSION-20260806-JP-TWO-GROUP-MOTION-DEMO,0.6.0,uncommitted,2026-08-26T20:08:11.932Z,ANON-20260826-145233-583,119,5,23,144,144,6,2,0,G00,1,-0,0,240,-120,-120,-60,0.5,0,-0.25,-0.433012701892219,-0.25,-0.433012701892219,0.5,-0.866025403784439,0,0.866025403784439,0.75,-0.433012701892219,100,[33 50 100],10,50,250,1,[0 250 0],[0 153 255],[255 0 0],20260806,-94.2125890886622,25.7874109113378,25.7874109113378,-90,integration hypothesis: center+inner group relative to outer; not an objectively correct answer,0,NaN,150,-120,NaN,115.787410911338,9.19249200006016,2,1.71830329997465,236.196395996958,237.383804953302,0,1,,0,NONE,0.0166957220016047,0.016682617646102,0.0181617001071572,0,59.8955828267794,2,preferred-external-screen,1920,1080,1100,800,598,336,60,36.2419979414704,0,0,0,0,25.1.0.2943329 (R2025a),"3.0.19 - Flavor: Manual Install, 03-Jun-2025 15:56:55",win64
RS-MISSION-20260806-JP-TWO-GROUP-MOTION-DEMO,0.6.0,uncommitted,2026-08-26T20:08:17.437Z,ANON-20260826-145233-583,120,5,24,144,144,6,2,0,G30,7,-30,30,240,-120,-150,-70.8933946491309,0.5,0,-0.25,-0.433012701892219,-0.5,-0.288675134594813,0.25,-0.721687836487032,0,0.866025403784439,0.75,-0.433012701892219,50,[33 50 100],5,25,125,1,[0 250 0],[0 153 255],[255 0 0],20260806,-114.282840420229,5.71715957977079,5.71715957977079,-90,integration hypothesis: center+inner group relative to outer; not an objectively correct answer,0,90,150,-120,-30,95.7171595797708,2.63547410001047,1,1.65142569993623,228.171083992347,204.273011802948,0,1,,0,NONE,0.0166957220016047,0.0166513683332596,0.0184363001026213,0,59.8955828267794,2,preferred-external-screen,1920,1080,1100,800,598,336,60,36.2419979414704,0,0,0,0,25.1.0.2943329 (R2025a),"3.0.19 - Flavor: Manual Install, 03-Jun-2025 15:56:55",win64
RS-MISSION-20260806-JP-TWO-GROUP-MOTION-DEMO,0.6.0,uncommitted,2026-08-26T20:08:22.580Z,ANON-20260826-145233-583,121,6,1,144,144,6,2,0,G10,4,-10,10,0,0,-10,57.2675927903877,0.5,0,0.5,0,0.5,-0.0881634903542325,0.5,0.777861913430206,0,0.866025403784439,0,0.866025403784439,100,[33 50 100],10,50,250,0,[0 250 0],[255 0 0],[0 153 255],20260806,66.4488383241786,66.4488383241786,66.4488383241786,-90,integration hypothesis: center+inner group relative to outer; not an objectively correct answer,0,90,-90,0,90,156.448838324179,2.25228090002201,1,1.50093430001289,210.112116001546,170.250244753978,0,1,,0,NONE,0.0166957220016047,0.0166742325003725,0.0179340001195669,0,59.8955828267794,2,preferred-external-screen,1920,1080,1100,800,598,336,60,36.2419979414704,0,0,0,0,25.1.0.2943329 (R2025a),"3.0.19 - Flavor: Manual Install, 03-Jun-2025 15:56:55",win64
RS-MISSION-20260806-JP-TWO-GROUP-MOTION-DEMO,0.6.0,uncommitted,2026-08-26T20:08:27.291Z,ANON-20260826-145233-583,122,6,2,144,144,6,2,0,G15,5,-15,15,0,0,-15,55.6664276634133,0.5,0,0.5,0,0.5,-0.133974596215561,0.5,0.732050807568877,0,0.866025403784439,0,0.866025403784439,33,[33 50 100],3,17,83,1,[0 250 0],[0 153 255],[255 0 0],20260806,173.450114535647,173.450114535647,173.450114535647,-90,integration hypothesis: center+inner group relative to outer; not an objectively correct answer,0,90,-90,0,90,-96.5498854643529,1.78492349991575,1,0.983969500055537,148.076340006664,77.1692669008562,0,1,,0,NONE,0.0166957220016047,0.0166234616655856,0.0182314000558108,0,59.8955828267794,2,preferred-external-screen,1920,1080,1100,800,598,336,60,36.2419979414704,0,0,0,0,25.1.0.2943329 (R2025a),"3.0.19 - Flavor: Manual Install, 03-Jun-2025 15:56:55",win64
RS-MISSION-20260806-JP-TWO-GROUP-MOTION-DEMO,0.6.0,uncommitted,2026-08-26T20:08:33.205Z,ANON-20260826-145233-583,123,6,3,144,144,6,2,0,G00,1,-0,0,0,0,0,60,0.5,0,0.5,0,0.5,0,0.5,0.866025403784439,0,0.866025403784439,0,0.866025403784439,50,[33 50 100],5,25,125,0,[0 250 0],[255 0 0],[0 153 255],20260806,162.067770939182,162.067770939182,162.067770939182,-90,integration hypothesis: center+inner group relative to outer; not an objectively correct answer,0,NaN,-90,0,NaN,-107.932229060818,3.02010029996745,1,1.78528749989346,244.234499987215,235.131142149093,0,1,,0,NONE,0.0166957220016047,0.0166896874996989,0.0190653998870403,0,59.8955828267794,2,preferred-external-screen,1920,1080,1100,800,598,336,60,36.2419979414704,0,0,0,0,25.1.0.2943329 (R2025a),"3.0.19 - Flavor: Manual Install, 03-Jun-2025 15:56:55",win64
RS-MISSION-20260806-JP-TWO-GROUP-MOTION-DEMO,0.6.0,uncommitted,2026-08-26T20:08:37.884Z,ANON-20260826-145233-583,124,6,4,144,144,6,2,0,G30,7,-30,30,0,0,-30,49.1066053508691,0.5,0,0.5,0,0.5,-0.288675134594813,0.5,0.577350269189626,0,0.866025403784439,0,0.866025403784439,100,[33 50 100],10,50,250,1,[0 250 0],[0 153 255],[255 0 0],20260806,108.911320543751,108.911320543751,108.911320543751,-90,integration hypothesis: center+inner group relative to outer; not an objectively correct answer,0,90,-90,0,90,-161.088679456249,1.78507849993184,1,0.851208599982783,132.145031997934,59.3622881617563,0,1,,0,NONE,0.0166957220016047,0.0166373533351968,0.0186771999578923,0,59.8955828267794,2,preferred-external-screen,1920,1080,1100,800,598,336,60,36.2419979414704,0,0,0,0,25.1.0.2943329 (R2025a),"3.0.19 - Flavor: Manual Install, 03-Jun-2025 15:56:55",win64
RS-MISSION-20260806-JP-TWO-GROUP-MOTION-DEMO,0.6.0,uncommitted,2026-08-26T20:08:43.382Z,ANON-20260826-145233-583,125,6,5,144,144,6,2,0,G10,4,-10,10,0,0,-10,57.2675927903877,0.5,0,0.5,0,0.5,-0.0881634903542325,0.5,0.777861913430206,0,0.866025403784439,0,0.866025403784439,50,[33 50 100],5,25,125,1,[0 250 0],[0 153 255],[255 0 0],20260806,129.288662110863,129.288662110863,129.288662110863,-90,integration hypothesis: center+inner group relative to outer; not an objectively correct answer,0,90,-90,0,90,-140.711337889137,2.60142250009812,1,1.20168949989602,174.202739987522,113.419702174514,0,1,,0,NONE,0.0166957220016047,0.0166820537811537,0.0179784998763353,0,59.8955828267794,2,preferred-external-screen,1920,1080,1100,800,598,336,60,36.2419979414704,0,0,0,0,25.1.0.2943329 (R2025a),"3.0.19 - Flavor: Manual Install, 03-Jun-2025 15:56:55",win64
RS-MISSION-20260806-JP-TWO-GROUP-MOTION-DEMO,0.6.0,uncommitted,2026-08-26T20:08:47.966Z,ANON-20260826-145233-583,126,6,6,144,144,6,2,0,G05,3,-5,5,0,0,-5,58.6976969629121,0.5,0,0.5,0,0.5,-0.043744331762962,0.5,0.822281072021477,0,0.866025403784439,0,0.866025403784439,50,[33 50 100],5,25,125,0,[0 250 0],[255 0 0],[0 153 255],20260806,-14.4189993222244,-14.4189993222244,-14.4189993222244,-90,integration hypothesis: center+inner group relative to outer; not an objectively correct answer,0,90,-90,0,90,75.5810006777756,1.68630000017583,1,0.834197900025174,130.103748003021,57.024347066692,0,1,,0,NONE,0.0166957220016047,0.0166281483330143,0.0192323999945074,0,59.8955828267794,2,preferred-external-screen,1920,1080,1100,800,598,336,60,36.2419979414704,0,0,0,0,25.1.0.2943329 (R2025a),"3.0.19 - Flavor: Manual Install, 03-Jun-2025 15:56:55",win64
RS-MISSION-20260806-JP-TWO-GROUP-MOTION-DEMO,0.6.0,uncommitted,2026-08-26T20:08:52.371Z,ANON-20260826-145233-583,127,6,7,144,144,6,2,0,G20,6,-20,20,0,0,-20,53.8350223319301,0.5,0,0.5,0,0.5,-0.181985117133101,0.5,0.684040286651337,0,0.866025403784439,0,0.866025403784439,100,[33 50 100],10,50,250,1,[0 250 0],[0 153 255],[255 0 0],20260806,71.3532687984164,71.3532687984164,71.3532687984164,-90,integration hypothesis: center+inner group relative to outer; not an objectively correct answer,0,90,-90,0,90,161.353268798416,1.46763249998912,1,0.600272200070322,102.032664008439,28.7961561892279,0,1,,0,NONE,0.0166957220016047,0.0166807383337679,0.0181343001313508,0,59.8955828267794,2,preferred-external-screen,1920,1080,1100,800,598,336,60,36.2419979414704,0,0,0,0,25.1.0.2943329 (R2025a),"3.0.19 - Flavor: Manual Install, 03-Jun-2025 15:56:55",win64
RS-MISSION-20260806-JP-TWO-GROUP-MOTION-DEMO,0.6.0,uncommitted,2026-08-26T20:08:57.391Z,ANON-20260826-145233-583,128,6,8,144,144,6,2,0,G20,6,-20,20,0,0,-20,53.8350223319301,0.5,0,0.5,0,0.5,-0.181985117133101,0.5,0.684040286651337,0,0.866025403784439,0,0.866025403784439,33,[33 50 100],3,17,83,1,[0 250 0],[0 153 255],[255 0 0],20260806,63.4256176261427,63.4256176261427,63.4256176261427,-90,integration hypothesis: center+inner group relative to outer; not an objectively correct answer,0,90,-90,0,90,153.425617626143,2.10290950001217,1,1.23434930015355,178.121916018426,119.150385306296,0,1,,0,NONE,0.0166957220016047,0.0166843591665383,0.0189753000158817,0,59.8955828267794,2,preferred-external-screen,1920,1080,1100,800,598,336,60,36.2419979414704,0,0,0,0,25.1.0.2943329 (R2025a),"3.0.19 - Flavor: Manual Install, 03-Jun-2025 15:56:55",win64
RS-MISSION-20260806-JP-TWO-GROUP-MOTION-DEMO,0.6.0,uncommitted,2026-08-26T20:09:14.735Z,ANON-20260826-145233-583,129,6,9,144,144,6,2,0,G15,5,-15,15,0,0,-15,55.6664276634133,0.5,0,0.5,0,0.5,-0.133974596215561,0.5,0.732050807568877,0,0.866025403784439,0,0.866025403784439,100,[33 50 100],10,50,250,1,[0 250 0],[0 153 255],[255 0 0],20260806,-136.583300018784,-136.583300018784,-136.583300018784,-90,integration hypothesis: center+inner group relative to outer; not an objectively correct answer,0,90,-90,0,90,-46.5833000187839,14.4637269000523,2,2.13513599988073,286.216319985688,337.185386843399,0,1,,0,NONE,0.0166957220016047,0.0166931974992622,0.0191915000323206,0,59.8955828267794,2,preferred-external-screen,1920,1080,1100,800,598,336,60,36.2419979414704,0,0,0,0,25.1.0.2943329 (R2025a),"3.0.19 - Flavor: Manual Install, 03-Jun-2025 15:56:55",win64
RS-MISSION-20260806-JP-TWO-GROUP-MOTION-DEMO,0.6.0,uncommitted,2026-08-26T20:09:21.516Z,ANON-20260826-145233-583,130,6,10,144,144,6,2,0,G10,4,-10,10,0,0,-10,57.2675927903877,0.5,0,0.5,0,0.5,-0.0881634903542325,0.5,0.777861913430206,0,0.866025403784439,0,0.866025403784439,33,[33 50 100],3,17,83,1,[0 250 0],[0 153 255],[255 0 0],20260806,174.385763805508,174.385763805508,174.385763805508,-90,integration hypothesis: center+inner group relative to outer; not an objectively correct answer,0,90,-90,0,90,-95.6142361944925,3.90457369992509,1,0.834188899956644,130.102667994797,57.0183326326771,0,1,,0,NONE,0.0166957220016047,0.0166809369747316,0.0188664998859167,0,59.8955828267794,2,preferred-external-screen,1920,1080,1100,800,598,336,60,36.2419979414704,0,0,0,0,25.1.0.2943329 (R2025a),"3.0.19 - Flavor: Manual Install, 03-Jun-2025 15:56:55",win64
RS-MISSION-20260806-JP-TWO-GROUP-MOTION-DEMO,0.6.0,uncommitted,2026-08-26T20:09:27.122Z,ANON-20260826-145233-583,131,6,11,144,144,6,2,0,G03,2,-3,3,0,0,-3,59.2319288065877,0.5,0,0.5,0,0.5,-0.0262038896415206,0.5,0.839821514142918,0,0.866025403784439,0,0.866025403784439,50,[33 50 100],5,25,125,1,[0 250 0],[0 153 255],[255 0 0],20260806,146.552327007643,146.552327007643,146.552327007643,-90,integration hypothesis: center+inner group relative to outer; not an objectively correct answer,0,90,-90,0,90,-123.447672992357,2.66757890000008,1,0.851935899816453,132.232307977974,58.4651932244076,0,1,,0,NONE,0.0166957220016047,0.016690833333026,0.0186479999683797,0,59.8955828267794,2,preferred-external-screen,1920,1080,1100,800,598,336,60,36.2419979414704,0,0,0,0,25.1.0.2943329 (R2025a),"3.0.19 - Flavor: Manual Install, 03-Jun-2025 15:56:55",win64
RS-MISSION-20260806-JP-TWO-GROUP-MOTION-DEMO,0.6.0,uncommitted,2026-08-26T20:09:31.981Z,ANON-20260826-145233-583,132,6,12,144,144,6,2,0,G03,2,-3,3,0,0,-3,59.2319288065877,0.5,0,0.5,0,0.5,-0.0262038896415206,0.5,0.839821514142918,0,0.866025403784439,0,0.866025403784439,33,[33 50 100],3,17,83,0,[0 250 0],[255 0 0],[0 153 255],20260806,14.6236292022089,14.6236292022089,14.6236292022089,-90,integration hypothesis: center+inner group relative to outer; not an objectively correct answer,0,90,-90,0,90,104.623629202209,1.96840829984285,1,1.13414730015211,166.097676018253,101.860597322235,0,1,,0,NONE,0.0166957220016047,0.0166849883331452,0.0179767999798059,0,59.8955828267794,2,preferred-external-screen,1920,1080,1100,800,598,336,60,36.2419979414704,0,0,0,0,25.1.0.2943329 (R2025a),"3.0.19 - Flavor: Manual Install, 03-Jun-2025 15:56:55",win64
RS-MISSION-20260806-JP-TWO-GROUP-MOTION-DEMO,0.6.0,uncommitted,2026-08-26T20:09:37.619Z,ANON-20260826-145233-583,133,6,13,144,144,6,2,0,G03,2,-3,3,0,0,-3,59.2319288065877,0.5,0,0.5,0,0.5,-0.0262038896415206,0.5,0.839821514142918,0,0.866025403784439,0,0.866025403784439,100,[33 50 100],10,50,250,1,[0 250 0],[0 153 255],[255 0 0],20260806,-48.2486153084047,-48.2486153084047,-48.2486153084047,-90,integration hypothesis: center+inner group relative to outer; not an objectively correct answer,0,90,-90,0,90,41.7513846915953,2.77064050012268,1,1.70199720002711,234.239664003253,216.061147362207,0,1,,0,NONE,0.0166957220016047,0.016653014998883,0.0179315998684615,0,59.8955828267794,2,preferred-external-screen,1920,1080,1100,800,598,336,60,36.2419979414704,0,0,0,0,25.1.0.2943329 (R2025a),"3.0.19 - Flavor: Manual Install, 03-Jun-2025 15:56:55",win64
RS-MISSION-20260806-JP-TWO-GROUP-MOTION-DEMO,0.6.0,uncommitted,2026-08-26T20:09:42.911Z,ANON-20260826-145233-583,134,6,14,144,144,6,2,0,G45,8,-45,45,0,0,-45,36.2060231130031,0.5,0,0.5,0,0.5,-0.5,0.5,0.366025403784439,0,0.866025403784439,0,0.866025403784439,50,[33 50 100],5,25,125,0,[0 250 0],[255 0 0],[0 153 255],20260806,53.9089902187685,53.9089902187685,53.9089902187685,-90,integration hypothesis: center+inner group relative to outer; not an objectively correct answer,0,90,-90,0,90,143.908990218769,2.41846910002641,1,1.45312929991633,204.375515989959,161.10272839237,0,1,,0,NONE,0.0166957220016047,0.016633963334607,0.0188185998704284,0,59.8955828267794,2,preferred-external-screen,1920,1080,1100,800,598,336,60,36.2419979414704,0,0,0,0,25.1.0.2943329 (R2025a),"3.0.19 - Flavor: Manual Install, 03-Jun-2025 15:56:55",win64
RS-MISSION-20260806-JP-TWO-GROUP-MOTION-DEMO,0.6.0,uncommitted,2026-08-26T20:09:48.878Z,ANON-20260826-145233-583,135,6,15,144,144,6,2,0,G15,5,-15,15,0,0,-15,55.6664276634133,0.5,0,0.5,0,0.5,-0.133974596215561,0.5,0.732050807568877,0,0.866025403784439,0,0.866025403784439,50,[33 50 100],5,25,125,0,[0 250 0],[255 0 0],[0 153 255],20260806,12.7958831941995,12.7958831941995,12.7958831941995,-90,integration hypothesis: center+inner group relative to outer; not an objectively correct answer,0,90,-90,0,90,102.795883194199,3.08533539995551,2,1.45189190004021,204.227028004825,170.148651957837,0,1,,0,NONE,0.0166957220016047,0.0166218708327506,0.0190808000043035,0,59.8955828267794,2,preferred-external-screen,1920,1080,1100,800,598,336,60,36.2419979414704,0,0,0,0,25.1.0.2943329 (R2025a),"3.0.19 - Flavor: Manual Install, 03-Jun-2025 15:56:55",win64
RS-MISSION-20260806-JP-TWO-GROUP-MOTION-DEMO,0.6.0,uncommitted,2026-08-26T20:09:53.083Z,ANON-20260826-145233-583,136,6,16,144,144,6,2,0,G00,1,-0,0,0,0,0,60,0.5,0,0.5,0,0.5,0,0.5,0.866025403784439,0,0.866025403784439,0,0.866025403784439,100,[33 50 100],10,50,250,0,[0 250 0],[255 0 0],[0 153 255],20260806,128.265799678172,128.265799678172,128.265799678172,-90,integration hypothesis: center+inner group relative to outer; not an objectively correct answer,0,NaN,-90,0,NaN,-141.734200321828,1.30099999997765,1,0.600372500019148,102.044700002298,29.7433243860291,0,1,,0,NONE,0.0166957220016047,0.0166811150013624,0.0191687000915408,0,59.8955828267794,2,preferred-external-screen,1920,1080,1100,800,598,336,60,36.2419979414704,0,0,0,0,25.1.0.2943329 (R2025a),"3.0.19 - Flavor: Manual Install, 03-Jun-2025 15:56:55",win64
RS-MISSION-20260806-JP-TWO-GROUP-MOTION-DEMO,0.6.0,uncommitted,2026-08-26T20:09:57.856Z,ANON-20260826-145233-583,137,6,17,144,144,6,2,0,G45,8,-45,45,0,0,-45,36.2060231130031,0.5,0,0.5,0,0.5,-0.5,0.5,0.366025403784439,0,0.866025403784439,0,0.866025403784439,100,[33 50 100],10,50,250,1,[0 250 0],[0 153 255],[255 0 0],20260806,54.9776628727311,54.9776628727311,54.9776628727311,-90,integration hypothesis: center+inner group relative to outer; not an objectively correct answer,0,90,-90,0,90,144.977662872731,1.88593610003591,1,1.00234040012583,150.2808480151,80.8672644550016,0,1,,0,NONE,0.0166957220016047,0.0166617775006065,0.0180481001734734,0,59.8955828267794,2,preferred-external-screen,1920,1080,1100,800,598,336,60,36.2419979414704,0,0,0,0,25.1.0.2943329 (R2025a),"3.0.19 - Flavor: Manual Install, 03-Jun-2025 15:56:55",win64
RS-MISSION-20260806-JP-TWO-GROUP-MOTION-DEMO,0.6.0,uncommitted,2026-08-26T20:10:02.374Z,ANON-20260826-145233-583,138,6,18,144,144,6,2,0,G30,7,-30,30,0,0,-30,49.1066053508691,0.5,0,0.5,0,0.5,-0.288675134594813,0.5,0.577350269189626,0,0.866025403784439,0,0.866025403784439,50,[33 50 100],5,25,125,0,[0 250 0],[255 0 0],[0 153 255],20260806,164.646082304208,164.646082304208,164.646082304208,-90,integration hypothesis: center+inner group relative to outer; not an objectively correct answer,0,90,-90,0,90,-105.353917695792,1.61822950001806,1,0.96906889998354,146.288267998025,75.8316497926491,0,1,,0,NONE,0.0166957220016047,0.0166609858317922,0.0182952999603003,0,59.8955828267794,2,preferred-external-screen,1920,1080,1100,800,598,336,60,36.2419979414704,0,0,0,0,25.1.0.2943329 (R2025a),"3.0.19 - Flavor: Manual Install, 03-Jun-2025 15:56:55",win64
RS-MISSION-20260806-JP-TWO-GROUP-MOTION-DEMO,0.6.0,uncommitted,2026-08-26T20:10:09.003Z,ANON-20260826-145233-583,139,6,19,144,144,6,2,0,G30,7,-30,30,0,0,-30,49.1066053508691,0.5,0,0.5,0,0.5,-0.288675134594813,0.5,0.577350269189626,0,0.866025403784439,0,0.866025403784439,33,[33 50 100],3,17,83,0,[0 250 0],[255 0 0],[0 153 255],20260806,118.128817909204,118.128817909204,118.128817909204,-90,integration hypothesis: center+inner group relative to outer; not an objectively correct answer,0,90,-90,0,90,-151.871182090796,3.73719969997182,1,1.3512730000075,192.152760000899,139.950654396928,0,1,,0,NONE,0.0166957220016047,0.0166843724999732,0.0179268999490887,0,59.8955828267794,2,preferred-external-screen,1920,1080,1100,800,598,336,60,36.2419979414704,0,0,0,0,25.1.0.2943329 (R2025a),"3.0.19 - Flavor: Manual Install, 03-Jun-2025 15:56:55",win64
RS-MISSION-20260806-JP-TWO-GROUP-MOTION-DEMO,0.6.0,uncommitted,2026-08-26T20:10:13.935Z,ANON-20260826-145233-583,140,6,20,144,144,6,2,0,G45,8,-45,45,0,0,-45,36.2060231130031,0.5,0,0.5,0,0.5,-0.5,0.5,0.366025403784439,0,0.866025403784439,0,0.866025403784439,33,[33 50 100],3,17,83,1,[0 250 0],[0 153 255],[255 0 0],20260806,50.5523531564891,50.5523531564891,50.5523531564891,-90,integration hypothesis: center+inner group relative to outer; not an objectively correct answer,0,90,-90,0,90,140.552353156489,2.03523179981858,1,0.999953499995172,149.994419999421,79.5208398876216,0,1,,0,NONE,0.0166957220016047,0.0166352699995817,0.0188652998767793,0,59.8955828267794,2,preferred-external-screen,1920,1080,1100,800,598,336,60,36.2419979414704,0,0,0,0,25.1.0.2943329 (R2025a),"3.0.19 - Flavor: Manual Install, 03-Jun-2025 15:56:55",win64
RS-MISSION-20260806-JP-TWO-GROUP-MOTION-DEMO,0.6.0,uncommitted,2026-08-26T20:10:18.387Z,ANON-20260826-145233-583,141,6,21,144,144,6,2,0,G20,6,-20,20,0,0,-20,53.8350223319301,0.5,0,0.5,0,0.5,-0.181985117133101,0.5,0.684040286651337,0,0.866025403784439,0,0.866025403784439,50,[33 50 100],5,25,125,1,[0 250 0],[0 153 255],[255 0 0],20260806,82.3607229850508,82.3607229850508,82.3607229850508,-90,integration hypothesis: center+inner group relative to outer; not an objectively correct answer,0,90,-90,0,90,172.360722985051,1.53433639998548,1,0.699238100089133,113.908572010696,39.514118297466,0,1,,0,NONE,0.0166957220016047,0.0166834175004624,0.0179045998957008,0,59.8955828267794,2,preferred-external-screen,1920,1080,1100,800,598,336,60,36.2419979414704,0,0,0,0,25.1.0.2943329 (R2025a),"3.0.19 - Flavor: Manual Install, 03-Jun-2025 15:56:55",win64
RS-MISSION-20260806-JP-TWO-GROUP-MOTION-DEMO,0.6.0,uncommitted,2026-08-26T20:10:22.838Z,ANON-20260826-145233-583,142,6,22,144,144,6,2,0,G00,1,-0,0,0,0,0,60,0.5,0,0.5,0,0.5,0,0.5,0.866025403784439,0,0.866025403784439,0,0.866025403784439,33,[33 50 100],3,17,83,0,[0 250 0],[255 0 0],[0 153 255],20260806,8.66096533623062,8.66096533623062,8.66096533623062,-90,integration hypothesis: center+inner group relative to outer; not an objectively correct answer,0,NaN,-90,0,NaN,98.6609653362306,1.56816880009137,1,0.602043199818581,102.24518397823,29.8827306008132,0,1,,0,NONE,0.0166957220016047,0.0166924508327308,0.0181601999793202,0,59.8955828267794,2,preferred-external-screen,1920,1080,1100,800,598,336,60,36.2419979414704,0,0,0,0,25.1.0.2943329 (R2025a),"3.0.19 - Flavor: Manual Install, 03-Jun-2025 15:56:55",win64
RS-MISSION-20260806-JP-TWO-GROUP-MOTION-DEMO,0.6.0,uncommitted,2026-08-26T20:10:26.789Z,ANON-20260826-145233-583,143,6,23,144,144,6,2,0,G05,3,-5,5,0,0,-5,58.6976969629121,0.5,0,0.5,0,0.5,-0.043744331762962,0.5,0.822281072021477,0,0.866025403784439,0,0.866025403784439,100,[33 50 100],10,50,250,1,[0 250 0],[0 153 255],[255 0 0],20260806,142.339964346534,142.339964346534,142.339964346534,-90,integration hypothesis: center+inner group relative to outer; not an objectively correct answer,0,90,-90,0,90,-127.660035653466,1.06754109985195,1,0.567055999999866,98.0467199999839,25.4188462697101,0,1,,0,NONE,0.0166957220016047,0.0166796210081074,0.0189336000476032,0,59.8955828267794,2,preferred-external-screen,1920,1080,1100,800,598,336,60,36.2419979414704,0,0,0,0,25.1.0.2943329 (R2025a),"3.0.19 - Flavor: Manual Install, 03-Jun-2025 15:56:55",win64
RS-MISSION-20260806-JP-TWO-GROUP-MOTION-DEMO,0.6.0,uncommitted,2026-08-26T20:10:31.045Z,ANON-20260826-145233-583,144,6,24,144,144,6,2,0,G05,3,-5,5,0,0,-5,58.6976969629121,0.5,0,0.5,0,0.5,-0.043744331762962,0.5,0.822281072021477,0,0.866025403784439,0,0.866025403784439,33,[33 50 100],3,17,83,1,[0 250 0],[0 153 255],[255 0 0],20260806,82.814819526267,82.814819526267,82.814819526267,-90,integration hypothesis: center+inner group relative to outer; not an objectively correct answer,0,90,-90,0,90,172.814819526267,1.36910400004126,1,0.583343800157309,100.001256018877,28.0666756939354,0,1,,0,NONE,0.0166957220016047,0.0166828117642489,0.0190216000191867,0,59.8955828267794,2,preferred-external-screen,1920,1080,1100,800,598,336,60,36.2419979414704,0,0,0,0,25.1.0.2943329 (R2025a),"3.0.19 - Flavor: Manual Install, 03-Jun-2025 15:56:55",win64
