mission_id,software_version,git_commit,timestamp_utc,anonymous_session_id,trial_number,rotation_block_number,rotation_block_position,scheduled_trial_count,full_design_trial_count,scheduled_rotation_block_count,rotation_block_repetitions,use_trial_subset,condition_id,condition_order_index,varied_inner_direction_deg,center_minus_inner_direction_deg,common_global_rotation_deg,displayed_center_direction_deg,displayed_inner_direction_deg,displayed_outer_direction_deg,fixed_center_velocity_x_deg_s,fixed_center_velocity_y_deg_s,displayed_center_velocity_x_deg_s,displayed_center_velocity_y_deg_s,inner_velocity_x_deg_s,inner_velocity_y_deg_s,outer_velocity_x_deg_s,outer_velocity_y_deg_s,fixed_outer_minus_inner_x_deg_s,fixed_outer_minus_inner_y_deg_s,displayed_outer_minus_inner_x_deg_s,displayed_outer_minus_inner_y_deg_s,coherence_percent,configured_coherence_values_percent,center_signal_dot_count,inner_signal_dot_count,outer_signal_dot_count,surround_colors_swapped,center_color_rgb,inner_color_rgb,outer_color_rgb,random_seed,participant_response_absolute_deg,participant_response_center_normalized_deg,participant_response_deg,expected_response_deg,expected_response_definition,expected_retinal_deg,expected_segmentation_deg,expected_response_absolute_deg,expected_retinal_absolute_deg,expected_segmentation_absolute_deg,response_error_deg,adjustment_time_s,response_hold_event_count,response_max_hold_duration_s,response_peak_hold_speed_deg_s,response_total_hold_rotation_deg,aborted,valid,abort_stage,simulated,data_label,requested_frame_interval_s,observed_mean_frame_interval_s,observed_max_frame_interval_s,dropped_frame_count,measured_refresh_hz,screen_number,screen_selection_reason,screen_width_px,screen_height_px,window_width_px,window_height_px,physical_width_mm,physical_height_mm,viewing_distance_cm,pixels_per_degree,used_fallback_pixels_per_degree,fullscreen,eye_tracking,fixation_verified,matlab_version,psychtoolbox_version,machine_architecture
RS-MISSION-20260806-JP-TWO-GROUP-MOTION-DEMO,0.6.0,uncommitted,2026-08-27T17:29:32.786Z,ANON-20260827-122917-000,1,1,1,144,144,6,2,0,G03,2,-3,3,0,0,-3,59.2319288065877,0.5,0,0.5,0,0.5,-0.0262038896415206,0.5,0.839821514142918,0,0.866025403784439,0,0.866025403784439,50,[33 50 100],5,25,125,1,[0 250 0],[0 153 255],[255 0 0],20260806,122.85008495269,122.85008495269,122.85008495269,-90,integration hypothesis: center+inner group relative to outer; not an objectively correct answer,0,90,-90,0,90,-147.14991504731,1.84845279995352,1,1.00065709999762,150.078851999715,79.6165056348454,0,1,,0,NONE,0.0166856899997219,0.0166710400003164,0.0174814001657069,0,59.9315940795175,2,preferred-external-screen,1920,1080,1920,1080,598,336,60,36.2419979414704,0,1,0,0,25.1.0.2943329 (R2025a),"3.0.19 - Flavor: Manual Install, 03-Jun-2025 15:56:55",win64
RS-MISSION-20260806-JP-TWO-GROUP-MOTION-DEMO,0.6.0,uncommitted,2026-08-27T17:29:39.674Z,ANON-20260827-122917-000,2,1,2,144,144,6,2,0,G00,1,-0,0,0,0,0,60,0.5,0,0.5,0,0.5,0,0.5,0.866025403784439,0,0.866025403784439,0,0.866025403784439,33,[33 50 100],3,17,83,1,[0 250 0],[0 153 255],[255 0 0],20260806,-159.525120376682,-159.525120376682,-159.525120376682,-90,integration hypothesis: center+inner group relative to outer; not an objectively correct answer,0,NaN,-90,0,NaN,-69.5251203766821,3.58554000011645,2,1.60050200019032,222.060240022838,231.358532525129,0,1,,0,NONE,0.0166856899997219,0.0166837647048553,0.0174568998627365,0,59.9315940795175,2,preferred-external-screen,1920,1080,1920,1080,598,336,60,36.2419979414704,0,1,0,0,25.1.0.2943329 (R2025a),"3.0.19 - Flavor: Manual Install, 03-Jun-2025 15:56:55",win64
RS-MISSION-20260806-JP-TWO-GROUP-MOTION-DEMO,0.6.0,uncommitted,2026-08-27T17:29:44.326Z,ANON-20260827-122917-000,3,1,3,144,144,6,2,0,G15,5,-15,15,0,0,-15,55.6664276634133,0.5,0,0.5,0,0.5,-0.133974596215561,0.5,0.732050807568877,0,0.866025403784439,0,0.866025403784439,100,[33 50 100],10,50,250,0,[0 250 0],[255 0 0],[0 153 255],20260806,-137.608482144529,-137.608482144529,-137.608482144529,-90,integration hypothesis: center+inner group relative to outer; not an objectively correct answer,0,90,-90,0,90,-47.6084821445289,1.71690159989521,1,1.16686689993367,170.02402799204,107.3709573889,0,1,,0,NONE,0.0166856899997219,0.0166749041663328,0.01690399996005,0,59.9315940795175,2,preferred-external-screen,1920,1080,1920,1080,598,336,60,36.2419979414704,0,1,0,0,25.1.0.2943329 (R2025a),"3.0.19 - Flavor: Manual Install, 03-Jun-2025 15:56:55",win64
RS-MISSION-20260806-JP-TWO-GROUP-MOTION-DEMO,0.6.0,uncommitted,2026-08-27T17:29:49.751Z,ANON-20260827-122917-000,4,1,4,144,144,6,2,0,G15,5,-15,15,0,0,-15,55.6664276634133,0.5,0,0.5,0,0.5,-0.133974596215561,0.5,0.732050807568877,0,0.866025403784439,0,0.866025403784439,33,[33 50 100],3,17,83,0,[0 250 0],[255 0 0],[0 153 255],20260806,128.396784514239,128.396784514239,128.396784514239,-90,integration hypothesis: center+inner group relative to outer; not an objectively correct answer,0,90,-90,0,90,-141.603215485761,2.51871660002507,1,1.60039280005731,222.047136006877,191.846599636865,0,1,,0,NONE,0.0166856899997219,0.0166207916665977,0.0169357000850141,0,59.9315940795175,2,preferred-external-screen,1920,1080,1920,1080,598,336,60,36.2419979414704,0,1,0,0,25.1.0.2943329 (R2025a),"3.0.19 - Flavor: Manual Install, 03-Jun-2025 15:56:55",win64
RS-MISSION-20260806-JP-TWO-GROUP-MOTION-DEMO,0.6.0,uncommitted,2026-08-27T17:29:54.122Z,ANON-20260827-122917-000,5,1,5,144,144,6,2,0,G05,3,-5,5,0,0,-5,58.6976969629121,0.5,0,0.5,0,0.5,-0.043744331762962,0.5,0.822281072021477,0,0.866025403784439,0,0.866025403784439,33,[33 50 100],3,17,83,0,[0 250 0],[255 0 0],[0 153 255],20260806,-35.5787547242826,-35.5787547242826,-35.5787547242826,-90,integration hypothesis: center+inner group relative to outer; not an objectively correct answer,0,90,-90,0,90,54.4212452757174,1.46573419985361,1,0.617611900204793,104.113428024575,31.5683037935085,0,1,,0,NONE,0.0166856899997219,0.0166836708337845,0.0168663000222296,0,59.9315940795175,2,preferred-external-screen,1920,1080,1920,1080,598,336,60,36.2419979414704,0,1,0,0,25.1.0.2943329 (R2025a),"3.0.19 - Flavor: Manual Install, 03-Jun-2025 15:56:55",win64
RS-MISSION-20260806-JP-TWO-GROUP-MOTION-DEMO,0.6.0,uncommitted,2026-08-27T17:29:59.998Z,ANON-20260827-122917-000,6,1,6,144,144,6,2,0,G20,6,-20,20,0,0,-20,53.8350223319301,0.5,0,0.5,0,0.5,-0.181985117133101,0.5,0.684040286651337,0,0.866025403784439,0,0.866025403784439,33,[33 50 100],3,17,83,1,[0 250 0],[0 153 255],[255 0 0],20260806,-141.54397233367,-141.54397233367,-141.54397233367,-90,integration hypothesis: center+inner group relative to outer; not an objectively correct answer,0,90,-90,0,90,-51.5439723336697,2.96892459993251,2,1.26863229996525,182.23587599583,169.905766081917,0,1,,0,NONE,0.0166856899997219,0.0166842336140323,0.0168790000025183,0,59.9315940795175,2,preferred-external-screen,1920,1080,1920,1080,598,336,60,36.2419979414704,0,1,0,0,25.1.0.2943329 (R2025a),"3.0.19 - Flavor: Manual Install, 03-Jun-2025 15:56:55",win64
RS-MISSION-20260806-JP-TWO-GROUP-MOTION-DEMO,0.6.0,uncommitted,2026-08-27T17:30:05.433Z,ANON-20260827-122917-000,7,1,7,144,144,6,2,0,G20,6,-20,20,0,0,-20,53.8350223319301,0.5,0,0.5,0,0.5,-0.181985117133101,0.5,0.684040286651337,0,0.866025403784439,0,0.866025403784439,50,[33 50 100],5,25,125,0,[0 250 0],[255 0 0],[0 153 255],20260806,150.819933481624,150.819933481624,150.819933481624,-90,integration hypothesis: center+inner group relative to outer; not an objectively correct answer,0,90,-90,0,90,-119.180066518376,2.51840889989398,2,1.26756960013881,182.108352016658,159.221149701395,0,1,,0,NONE,0.0166856899997219,0.0166455733337595,0.0175701999105513,0,59.9315940795175,2,preferred-external-screen,1920,1080,1920,1080,598,336,60,36.2419979414704,0,1,0,0,25.1.0.2943329 (R2025a),"3.0.19 - Flavor: Manual Install, 03-Jun-2025 15:56:55",win64
RS-MISSION-20260806-JP-TWO-GROUP-MOTION-DEMO,0.6.0,uncommitted,2026-08-27T17:30:09.781Z,ANON-20260827-122917-000,8,1,8,144,144,6,2,0,G10,4,-10,10,0,0,-10,57.2675927903877,0.5,0,0.5,0,0.5,-0.0881634903542325,0.5,0.777861913430206,0,0.866025403784439,0,0.866025403784439,33,[33 50 100],3,17,83,1,[0 250 0],[0 153 255],[255 0 0],20260806,62.7038698904552,62.7038698904552,62.7038698904552,-90,integration hypothesis: center+inner group relative to outer; not an objectively correct answer,0,90,-90,0,90,152.703869890455,1.4521192999091,1,0.70072180009447,114.086616011336,39.7180492368414,0,1,,0,NONE,0.0166856899997219,0.016689472500002,0.0173669999931008,0,59.9315940795175,2,preferred-external-screen,1920,1080,1920,1080,598,336,60,36.2419979414704,0,1,0,0,25.1.0.2943329 (R2025a),"3.0.19 - Flavor: Manual Install, 03-Jun-2025 15:56:55",win64
RS-MISSION-20260806-JP-TWO-GROUP-MOTION-DEMO,0.6.0,uncommitted,2026-08-27T17:30:15.078Z,ANON-20260827-122917-000,9,1,9,144,144,6,2,0,G00,1,-0,0,0,0,0,60,0.5,0,0.5,0,0.5,0,0.5,0.866025403784439,0,0.866025403784439,0,0.866025403784439,50,[33 50 100],5,25,125,1,[0 250 0],[0 153 255],[255 0 0],20260806,-179.033246992471,-179.033246992471,-179.033246992471,-90,integration hypothesis: center+inner group relative to outer; not an objectively correct answer,0,NaN,-90,0,NaN,-89.033246992471,2.38486850005575,2,1.16886620013975,170.26394401677,141.011853327612,0,1,,0,NONE,0.0166856899997219,0.0166195924995312,0.0169325000606477,0,59.9315940795175,2,preferred-external-screen,1920,1080,1920,1080,598,336,60,36.2419979414704,0,1,0,0,25.1.0.2943329 (R2025a),"3.0.19 - Flavor: Manual Install, 03-Jun-2025 15:56:55",win64
RS-MISSION-20260806-JP-TWO-GROUP-MOTION-DEMO,0.6.0,uncommitted,2026-08-27T17:30:20.281Z,ANON-20260827-122917-000,10,1,10,144,144,6,2,0,G20,6,-20,20,0,0,-20,53.8350223319301,0.5,0,0.5,0,0.5,-0.181985117133101,0.5,0.684040286651337,0,0.866025403784439,0,0.866025403784439,100,[33 50 100],10,50,250,1,[0 250 0],[0 153 255],[255 0 0],20260806,-168.208700062856,-168.208700062856,-168.208700062856,-90,integration hypothesis: center+inner group relative to outer; not an objectively correct answer,0,90,-90,0,90,-78.2087000628562,2.2859966000542,1,1.70274249999784,234.329099999741,216.192566475651,0,1,,0,NONE,0.0166856899997219,0.0166910833329894,0.0174835999496281,0,59.9315940795175,2,preferred-external-screen,1920,1080,1920,1080,598,336,60,36.2419979414704,0,1,0,0,25.1.0.2943329 (R2025a),"3.0.19 - Flavor: Manual Install, 03-Jun-2025 15:56:55",win64
RS-MISSION-20260806-JP-TWO-GROUP-MOTION-DEMO,0.6.0,uncommitted,2026-08-27T17:30:26.920Z,ANON-20260827-122917-000,11,1,11,144,144,6,2,0,G05,3,-5,5,0,0,-5,58.6976969629121,0.5,0,0.5,0,0.5,-0.043744331762962,0.5,0.822281072021477,0,0.866025403784439,0,0.866025403784439,50,[33 50 100],5,25,125,0,[0 250 0],[255 0 0],[0 153 255],20260806,-138.066313370892,-138.066313370892,-138.066313370892,-90,integration hypothesis: center+inner group relative to outer; not an objectively correct answer,0,90,-90,0,90,-48.0663133708917,3.73756329994649,2,1.93626009998843,262.351211998612,304.075184268536,0,1,,0,NONE,0.0166856899997219,0.0166835554624994,0.0169448000378907,0,59.9315940795175,2,preferred-external-screen,1920,1080,1920,1080,598,336,60,36.2419979414704,0,1,0,0,25.1.0.2943329 (R2025a),"3.0.19 - Flavor: Manual Install, 03-Jun-2025 15:56:55",win64
RS-MISSION-20260806-JP-TWO-GROUP-MOTION-DEMO,0.6.0,uncommitted,2026-08-27T17:30:32.680Z,ANON-20260827-122917-000,12,1,12,144,144,6,2,0,G10,4,-10,10,0,0,-10,57.2675927903877,0.5,0,0.5,0,0.5,-0.0881634903542325,0.5,0.777861913430206,0,0.866025403784439,0,0.866025403784439,50,[33 50 100],5,25,125,0,[0 250 0],[255 0 0],[0 153 255],20260806,134.3410198785,134.3410198785,134.3410198785,-90,integration hypothesis: center+inner group relative to outer; not an objectively correct answer,0,90,-90,0,90,-135.6589801215,2.88614049996249,1,1.71794510004111,236.153412004933,218.855775656542,0,1,,0,NONE,0.0166856899997219,0.0166839596623664,0.0168749999720603,0,59.9315940795175,2,preferred-external-screen,1920,1080,1920,1080,598,336,60,36.2419979414704,0,1,0,0,25.1.0.2943329 (R2025a),"3.0.19 - Flavor: Manual Install, 03-Jun-2025 15:56:55",win64
RS-MISSION-20260806-JP-TWO-GROUP-MOTION-DEMO,0.6.0,uncommitted,2026-08-27T17:30:38.969Z,ANON-20260827-122917-000,13,1,13,144,144,6,2,0,G30,7,-30,30,0,0,-30,49.1066053508691,0.5,0,0.5,0,0.5,-0.288675134594813,0.5,0.577350269189626,0,0.866025403784439,0,0.866025403784439,100,[33 50 100],10,50,250,1,[0 250 0],[0 153 255],[255 0 0],20260806,124.727885555167,124.727885555167,124.727885555167,-90,integration hypothesis: center+inner group relative to outer; not an objectively correct answer,0,90,-90,0,90,-145.272114444833,3.4204718999099,1,1.68435980007052,232.123176008463,210.966960147581,0,1,,0,NONE,0.0166856899997219,0.0166847425008503,0.0169395001139492,0,59.9315940795175,2,preferred-external-screen,1920,1080,1920,1080,598,336,60,36.2419979414704,0,1,0,0,25.1.0.2943329 (R2025a),"3.0.19 - Flavor: Manual Install, 03-Jun-2025 15:56:55",win64
RS-MISSION-20260806-JP-TWO-GROUP-MOTION-DEMO,0.6.0,uncommitted,2026-08-27T17:30:44.353Z,ANON-20260827-122917-000,14,1,14,144,144,6,2,0,G10,4,-10,10,0,0,-10,57.2675927903877,0.5,0,0.5,0,0.5,-0.0881634903542325,0.5,0.777861913430206,0,0.866025403784439,0,0.866025403784439,100,[33 50 100],10,50,250,0,[0 250 0],[255 0 0],[0 153 255],20260806,-43.0107938319261,-43.0107938319261,-43.0107938319261,-90,integration hypothesis: center+inner group relative to outer; not an objectively correct answer,0,90,-90,0,90,46.9892061680739,2.51845830003731,1,1.58495680009946,220.194816011935,188.390573099731,0,1,,0,NONE,0.0166856899997219,0.0166849683329929,0.0169247000012547,0,59.9315940795175,2,preferred-external-screen,1920,1080,1920,1080,598,336,60,36.2419979414704,0,1,0,0,25.1.0.2943329 (R2025a),"3.0.19 - Flavor: Manual Install, 03-Jun-2025 15:56:55",win64
RS-MISSION-20260806-JP-TWO-GROUP-MOTION-DEMO,0.6.0,uncommitted,2026-08-27T17:30:48.975Z,ANON-20260827-122917-000,15,1,15,144,144,6,2,0,G00,1,-0,0,0,0,0,60,0.5,0,0.5,0,0.5,0,0.5,0.866025403784439,0,0.866025403784439,0,0.866025403784439,100,[33 50 100],10,50,250,0,[0 250 0],[255 0 0],[0 153 255],20260806,136.932393034768,136.932393034768,136.932393034768,-90,integration hypothesis: center+inner group relative to outer; not an objectively correct answer,0,NaN,-90,0,NaN,-133.067606965232,1.75228859996423,2,0.70146490004845,114.175788005814,52.209571940321,0,1,,0,NONE,0.0166856899997219,0.0166837445385911,0.0169309999328107,0,59.9315940795175,2,preferred-external-screen,1920,1080,1920,1080,598,336,60,36.2419979414704,0,1,0,0,25.1.0.2943329 (R2025a),"3.0.19 - Flavor: Manual Install, 03-Jun-2025 15:56:55",win64
RS-MISSION-20260806-JP-TWO-GROUP-MOTION-DEMO,0.6.0,uncommitted,2026-08-27T17:30:55.304Z,ANON-20260827-122917-000,16,1,16,144,144,6,2,0,G45,8,-45,45,0,0,-45,36.2060231130031,0.5,0,0.5,0,0.5,-0.5,0.5,0.366025403784439,0,0.866025403784439,0,0.866025403784439,50,[33 50 100],5,25,125,0,[0 250 0],[255 0 0],[0 153 255],20260806,-153.64202620856,-153.64202620856,-153.64202620856,-90,integration hypothesis: center+inner group relative to outer; not an objectively correct answer,0,90,-90,0,90,-63.6420262085598,3.47017319989391,3,1.16837930004112,170.205516004935,146.690940143399,0,1,,0,NONE,0.0166856899997219,0.0166837378158508,0.0169397001154721,0,59.9315940795175,2,preferred-external-screen,1920,1080,1920,1080,598,336,60,36.2419979414704,0,1,0,0,25.1.0.2943329 (R2025a),"3.0.19 - Flavor: Manual Install, 03-Jun-2025 15:56:55",win64
RS-MISSION-20260806-JP-TWO-GROUP-MOTION-DEMO,0.6.0,uncommitted,2026-08-27T17:30:59.530Z,ANON-20260827-122917-000,17,1,17,144,144,6,2,0,G05,3,-5,5,0,0,-5,58.6976969629121,0.5,0,0.5,0,0.5,-0.043744331762962,0.5,0.822281072021477,0,0.866025403784439,0,0.866025403784439,100,[33 50 100],10,50,250,0,[0 250 0],[255 0 0],[0 153 255],20260806,66.8894677288079,66.8894677288079,66.8894677288079,-90,integration hypothesis: center+inner group relative to outer; not an objectively correct answer,0,90,-90,0,90,156.889467728808,1.351232299814,1,0.532918700017035,93.9502440020442,23.059402083606,0,1,,0,NONE,0.0166856899997219,0.0166788533329964,0.0169711001217365,0,59.9315940795175,2,preferred-external-screen,1920,1080,1920,1080,598,336,60,36.2419979414704,0,1,0,0,25.1.0.2943329 (R2025a),"3.0.19 - Flavor: Manual Install, 03-Jun-2025 15:56:55",win64
RS-MISSION-20260806-JP-TWO-GROUP-MOTION-DEMO,0.6.0,uncommitted,2026-08-27T17:31:04.633Z,ANON-20260827-122917-000,18,1,18,144,144,6,2,0,G45,8,-45,45,0,0,-45,36.2060231130031,0.5,0,0.5,0,0.5,-0.5,0.5,0.366025403784439,0,0.866025403784439,0,0.866025403784439,33,[33 50 100],3,17,83,1,[0 250 0],[0 153 255],[255 0 0],20260806,163.757925831306,163.757925831306,163.757925831306,-90,integration hypothesis: center+inner group relative to outer; not an objectively correct answer,0,90,-90,0,90,-106.242074168694,2.23622180009261,1,1.15103280008771,168.123936010525,104.716579860295,0,1,,0,NONE,0.0166856899997219,0.0166321174998302,0.0174082999583334,0,59.9315940795175,2,preferred-external-screen,1920,1080,1920,1080,598,336,60,36.2419979414704,0,1,0,0,25.1.0.2943329 (R2025a),"3.0.19 - Flavor: Manual Install, 03-Jun-2025 15:56:55",win64
RS-MISSION-20260806-JP-TWO-GROUP-MOTION-DEMO,0.6.0,uncommitted,2026-08-27T17:31:10.688Z,ANON-20260827-122917-000,19,1,19,144,144,6,2,0,G45,8,-45,45,0,0,-45,36.2060231130031,0.5,0,0.5,0,0.5,-0.5,0.5,0.366025403784439,0,0.866025403784439,0,0.866025403784439,100,[33 50 100],10,50,250,1,[0 250 0],[0 153 255],[255 0 0],20260806,-140.171154256693,-140.171154256693,-140.171154256693,-90,integration hypothesis: center+inner group relative to outer; not an objectively correct answer,0,90,-90,0,90,-50.171154256693,3.18714509997517,2,1.35016130004078,192.019356004894,171.276530311946,0,1,,0,NONE,0.0166856899997219,0.0166552724995806,0.0174728999845684,0,59.9315940795175,2,preferred-external-screen,1920,1080,1920,1080,598,336,60,36.2419979414704,0,1,0,0,25.1.0.2943329 (R2025a),"3.0.19 - Flavor: Manual Install, 03-Jun-2025 15:56:55",win64
RS-MISSION-20260806-JP-TWO-GROUP-MOTION-DEMO,0.6.0,uncommitted,2026-08-27T17:31:15.705Z,ANON-20260827-122917-000,20,1,20,144,144,6,2,0,G15,5,-15,15,0,0,-15,55.6664276634133,0.5,0,0.5,0,0.5,-0.133974596215561,0.5,0.732050807568877,0,0.866025403784439,0,0.866025403784439,50,[33 50 100],5,25,125,1,[0 250 0],[0 153 255],[255 0 0],20260806,141.169183944346,141.169183944346,141.169183944346,-90,integration hypothesis: center+inner group relative to outer; not an objectively correct answer,0,90,-90,0,90,-128.830816055654,2.13468770007603,1,1.43471539998427,202.165847998112,156.52385787685,0,1,,0,NONE,0.0166856899997219,0.0166794324992225,0.01696200016886,0,59.9315940795175,2,preferred-external-screen,1920,1080,1920,1080,598,336,60,36.2419979414704,0,1,0,0,25.1.0.2943329 (R2025a),"3.0.19 - Flavor: Manual Install, 03-Jun-2025 15:56:55",win64
RS-MISSION-20260806-JP-TWO-GROUP-MOTION-DEMO,0.6.0,uncommitted,2026-08-27T17:31:20.481Z,ANON-20260827-122917-000,21,1,21,144,144,6,2,0,G30,7,-30,30,0,0,-30,49.1066053508691,0.5,0,0.5,0,0.5,-0.288675134594813,0.5,0.577350269189626,0,0.866025403784439,0,0.866025403784439,33,[33 50 100],3,17,83,1,[0 250 0],[0 153 255],[255 0 0],20260806,107.960331041236,107.960331041236,107.960331041236,-90,integration hypothesis: center+inner group relative to outer; not an objectively correct answer,0,90,-90,0,90,-162.039668958764,1.851176999975,1,1.11909220018424,164.291064022109,99.2593598566371,0,1,,0,NONE,0.0166856899997219,0.0166825882350916,0.0169004001654685,0,59.9315940795175,2,preferred-external-screen,1920,1080,1920,1080,598,336,60,36.2419979414704,0,1,0,0,25.1.0.2943329 (R2025a),"3.0.19 - Flavor: Manual Install, 03-Jun-2025 15:56:55",win64
RS-MISSION-20260806-JP-TWO-GROUP-MOTION-DEMO,0.6.0,uncommitted,2026-08-27T17:31:25.791Z,ANON-20260827-122917-000,22,1,22,144,144,6,2,0,G03,2,-3,3,0,0,-3,59.2319288065877,0.5,0,0.5,0,0.5,-0.0262038896415206,0.5,0.839821514142918,0,0.866025403784439,0,0.866025403784439,100,[33 50 100],10,50,250,0,[0 250 0],[255 0 0],[0 153 255],20260806,-34.5623705383048,-34.5623705383048,-34.5623705383048,-90,integration hypothesis: center+inner group relative to outer; not an objectively correct answer,0,90,-90,0,90,55.4376294616952,2.38497329992242,1,0.950941900024191,144.113028002903,72.2694661284833,0,1,,0,NONE,0.0166856899997219,0.0166685041661064,0.0177253999281675,0,59.9315940795175,2,preferred-external-screen,1920,1080,1920,1080,598,336,60,36.2419979414704,0,1,0,0,25.1.0.2943329 (R2025a),"3.0.19 - Flavor: Manual Install, 03-Jun-2025 15:56:55",win64
RS-MISSION-20260806-JP-TWO-GROUP-MOTION-DEMO,0.6.0,uncommitted,2026-08-27T17:31:30.895Z,ANON-20260827-122917-000,23,1,23,144,144,6,2,0,G30,7,-30,30,0,0,-30,49.1066053508691,0.5,0,0.5,0,0.5,-0.288675134594813,0.5,0.577350269189626,0,0.866025403784439,0,0.866025403784439,50,[33 50 100],5,25,125,1,[0 250 0],[0 153 255],[255 0 0],20260806,167.846792469565,167.846792469565,167.846792469565,-90,integration hypothesis: center+inner group relative to outer; not an objectively correct answer,0,90,-90,0,90,-102.153207530435,2.23553599999286,1,1.43514669989236,202.217603987083,156.621743254579,0,1,,0,NONE,0.0166856899997219,0.0166168408332548,0.0169004998169839,0,59.9315940795175,2,preferred-external-screen,1920,1080,1920,1080,598,336,60,36.2419979414704,0,1,0,0,25.1.0.2943329 (R2025a),"3.0.19 - Flavor: Manual Install, 03-Jun-2025 15:56:55",win64
RS-MISSION-20260806-JP-TWO-GROUP-MOTION-DEMO,0.6.0,uncommitted,2026-08-27T17:31:36.131Z,ANON-20260827-122917-000,24,1,24,144,144,6,2,0,G03,2,-3,3,0,0,-3,59.2319288065877,0.5,0,0.5,0,0.5,-0.0262038896415206,0.5,0.839821514142918,0,0.866025403784439,0,0.866025403784439,33,[33 50 100],3,17,83,0,[0 250 0],[255 0 0],[0 153 255],20260806,41.6674475431483,41.6674475431483,41.6674475431483,-90,integration hypothesis: center+inner group relative to outer; not an objectively correct answer,0,90,-90,0,90,131.667447543148,2.30251750000753,1,1.45217139995657,204.260567994788,160.078832014385,0,1,,0,NONE,0.0166856899997219,0.0166531258340304,0.0174275999888778,0,59.9315940795175,2,preferred-external-screen,1920,1080,1920,1080,598,336,60,36.2419979414704,0,1,0,0,25.1.0.2943329 (R2025a),"3.0.19 - Flavor: Manual Install, 03-Jun-2025 15:56:55",win64
RS-MISSION-20260806-JP-TWO-GROUP-MOTION-DEMO,0.6.0,uncommitted,2026-08-27T17:31:41.746Z,ANON-20260827-122917-000,25,2,1,144,144,6,2,0,G20,6,-20,20,120,120,100,173.83502233193,0.5,0,-0.25,0.433012701892219,-0.0923962654520477,0.52400526045877,-0.842396265452048,0.0909925585665506,0,0.866025403784439,-0.75,-0.433012701892219,33,[33 50 100],3,17,83,1,[0 250 0],[0 153 255],[255 0 0],20260806,-169.225750991905,70.7742490080946,70.7742490080946,-90,integration hypothesis: center+inner group relative to outer; not an objectively correct answer,0,90,30,120,-150,160.774249008095,2.71868220018223,2,1.18567009991966,172.280411990359,150.078194361513,0,1,,0,NONE,0.0166856899997219,0.0166777333341694,0.0169492999557406,0,59.9315940795175,2,preferred-external-screen,1920,1080,1920,1080,598,336,60,36.2419979414704,0,1,0,0,25.1.0.2943329 (R2025a),"3.0.19 - Flavor: Manual Install, 03-Jun-2025 15:56:55",win64
RS-MISSION-20260806-JP-TWO-GROUP-MOTION-DEMO,0.6.0,uncommitted,2026-08-27T17:31:47.012Z,ANON-20260827-122917-000,26,2,2,144,144,6,2,0,G45,8,-45,45,120,120,75,156.206023113003,0.5,0,-0.25,0.433012701892219,0.183012701892219,0.683012701892219,-0.566987298107781,0.25,0,0.866025403784439,-0.75,-0.433012701892219,33,[33 50 100],3,17,83,1,[0 250 0],[0 153 255],[255 0 0],20260806,-4.37956632146361,-124.379566321464,-124.379566321464,-90,integration hypothesis: center+inner group relative to outer; not an objectively correct answer,0,90,30,120,-150,-34.3795663214636,2.38566579995677,1,1.46923330007121,206.307996008545,164.560440181166,0,1,,0,NONE,0.0166856899997219,0.0166833151264914,0.0170553000643849,0,59.9315940795175,2,preferred-external-screen,1920,1080,1920,1080,598,336,60,36.2419979414704,0,1,0,0,25.1.0.2943329 (R2025a),"3.0.19 - Flavor: Manual Install, 03-Jun-2025 15:56:55",win64
RS-MISSION-20260806-JP-TWO-GROUP-MOTION-DEMO,0.6.0,uncommitted,2026-08-27T17:31:52.753Z,ANON-20260827-122917-000,27,2,3,144,144,6,2,0,G30,7,-30,30,120,120,90,169.106605350869,0.5,0,-0.25,0.433012701892219,-2.77555756156289e-17,0.577350269189626,-0.75,0.144337567297406,0,0.866025403784439,-0.75,-0.433012701892219,33,[33 50 100],3,17,83,0,[0 250 0],[255 0 0],[0 153 255],20260806,15.3630281871654,-104.636971812835,-104.636971812835,-90,integration hypothesis: center+inner group relative to outer; not an objectively correct answer,0,90,30,120,-150,-14.6369718128346,2.85324979992583,1,1.63542130007409,226.25055600889,200.704620447995,0,1,,0,NONE,0.0166856899997219,0.0166239191661589,0.0169799998402596,0,59.9315940795175,2,preferred-external-screen,1920,1080,1920,1080,598,336,60,36.2419979414704,0,1,0,0,25.1.0.2943329 (R2025a),"3.0.19 - Flavor: Manual Install, 03-Jun-2025 15:56:55",win64
RS-MISSION-20260806-JP-TWO-GROUP-MOTION-DEMO,0.6.0,uncommitted,2026-08-27T17:31:57.224Z,ANON-20260827-122917-000,28,2,4,144,144,6,2,0,G05,3,-5,5,120,120,115,178.697696962912,0.5,0,-0.25,0.433012701892219,-0.2121162974217,0.4548848677737,-0.9621162974217,0.021872165881481,0,0.866025403784439,-0.75,-0.433012701892219,33,[33 50 100],3,17,83,1,[0 250 0],[0 153 255],[255 0 0],20260806,-115.870154495504,124.129845504496,124.129845504496,-90,integration hypothesis: center+inner group relative to outer; not an objectively correct answer,0,90,30,120,-150,-145.870154495504,1.5675321999006,1,0.951342499814928,144.161099977791,72.3311728763619,0,1,,0,NONE,0.0166856899997219,0.0166177766669231,0.016913800034672,0,59.9315940795175,2,preferred-external-screen,1920,1080,1920,1080,598,336,60,36.2419979414704,0,1,0,0,25.1.0.2943329 (R2025a),"3.0.19 - Flavor: Manual Install, 03-Jun-2025 15:56:55",win64
RS-MISSION-20260806-JP-TWO-GROUP-MOTION-DEMO,0.6.0,uncommitted,2026-08-27T17:32:02.448Z,ANON-20260827-122917-000,29,2,5,144,144,6,2,0,G20,6,-20,20,120,120,100,173.83502233193,0.5,0,-0.25,0.433012701892219,-0.0923962654520477,0.52400526045877,-0.842396265452048,0.0909925585665506,0,0.866025403784439,-0.75,-0.433012701892219,50,[33 50 100],5,25,125,0,[0 250 0],[255 0 0],[0 153 255],20260806,155.759750569836,35.7597505698361,35.7597505698361,-90,integration hypothesis: center+inner group relative to outer; not an objectively correct answer,0,90,30,120,-150,125.759750569836,2.36938179982826,1,1.51787460013293,212.144952015951,174.789961513129,0,1,,0,NONE,0.0166856899997219,0.0166219391666042,0.0174616000149399,0,59.9315940795175,2,preferred-external-screen,1920,1080,1920,1080,598,336,60,36.2419979414704,0,1,0,0,25.1.0.2943329 (R2025a),"3.0.19 - Flavor: Manual Install, 03-Jun-2025 15:56:55",win64
RS-MISSION-20260806-JP-TWO-GROUP-MOTION-DEMO,0.6.0,uncommitted,2026-08-27T17:32:07.164Z,ANON-20260827-122917-000,30,2,6,144,144,6,2,0,G10,4,-10,10,120,120,110,177.267592790388,0.5,0,-0.25,0.433012701892219,-0.17364817766693,0.477094447069336,-0.92364817766693,0.0440817451771163,0,0.866025403784439,-0.75,-0.433012701892219,100,[33 50 100],10,50,250,0,[0 250 0],[255 0 0],[0 153 255],20260806,178.8252004812,58.8252004812002,58.8252004812002,-90,integration hypothesis: center+inner group relative to outer; not an objectively correct answer,0,90,30,120,-150,148.8252004812,1.83573659998365,1,0.951673600124195,144.200832014903,73.3676695567352,0,1,,0,NONE,0.0166856899997219,0.0166836436974871,0.0169250001199543,0,59.9315940795175,2,preferred-external-screen,1920,1080,1920,1080,598,336,60,36.2419979414704,0,1,0,0,25.1.0.2943329 (R2025a),"3.0.19 - Flavor: Manual Install, 03-Jun-2025 15:56:55",win64
RS-MISSION-20260806-JP-TWO-GROUP-MOTION-DEMO,0.6.0,uncommitted,2026-08-27T17:32:11.755Z,ANON-20260827-122917-000,31,2,7,144,144,6,2,0,G15,5,-15,15,120,120,105,175.666427663413,0.5,0,-0.25,0.433012701892219,-0.133974596215561,0.5,-0.883974596215561,0.0669872981077807,0,0.866025403784439,-0.75,-0.433012701892219,100,[33 50 100],10,50,250,0,[0 250 0],[255 0 0],[0 153 255],20260806,-130.747410058637,109.252589941363,109.252589941363,-90,integration hypothesis: center+inner group relative to outer; not an objectively correct answer,0,90,30,120,-150,-160.747410058637,1.68496280000545,1,0.768093799939379,122.171255992725,48.7053532685539,0,1,,0,NONE,0.0166856899997219,0.0166436475003138,0.0175679000094533,0,59.9315940795175,2,preferred-external-screen,1920,1080,1920,1080,598,336,60,36.2419979414704,0,1,0,0,25.1.0.2943329 (R2025a),"3.0.19 - Flavor: Manual Install, 03-Jun-2025 15:56:55",win64
RS-MISSION-20260806-JP-TWO-GROUP-MOTION-DEMO,0.6.0,uncommitted,2026-08-27T17:32:16.808Z,ANON-20260827-122917-000,32,2,8,144,144,6,2,0,G15,5,-15,15,120,120,105,175.666427663413,0.5,0,-0.25,0.433012701892219,-0.133974596215561,0.5,-0.883974596215561,0.0669872981077807,0,0.866025403784439,-0.75,-0.433012701892219,50,[33 50 100],5,25,125,1,[0 250 0],[0 153 255],[255 0 0],20260806,-49.1550832524434,-169.155083252443,-169.155083252443,-90,integration hypothesis: center+inner group relative to outer; not an objectively correct answer,0,90,30,120,-150,-79.1550832524434,2.20268299989402,1,1.58391379984096,220.069655980915,188.142866257684,0,1,,0,NONE,0.0166856899997219,0.0166202691674698,0.0169695999938995,0,59.9315940795175,2,preferred-external-screen,1920,1080,1920,1080,598,336,60,36.2419979414704,0,1,0,0,25.1.0.2943329 (R2025a),"3.0.19 - Flavor: Manual Install, 03-Jun-2025 15:56:55",win64
RS-MISSION-20260806-JP-TWO-GROUP-MOTION-DEMO,0.6.0,uncommitted,2026-08-27T17:32:21.664Z,ANON-20260827-122917-000,33,2,9,144,144,6,2,0,G03,2,-3,3,120,120,117,179.231928806588,0.5,0,-0.25,0.433012701892219,-0.227306765892479,0.44611464671298,-0.977306765892479,0.0131019448207603,0,0.866025403784439,-0.75,-0.433012701892219,33,[33 50 100],3,17,83,0,[0 250 0],[255 0 0],[0 153 255],20260806,-82.1996744531994,157.800325546801,157.800325546801,-90,integration hypothesis: center+inner group relative to outer; not an objectively correct answer,0,90,30,120,-150,-112.199674453199,1.96900059981272,1,1.28419180004857,184.103016005829,128.263456195956,0,1,,0,NONE,0.0166856899997219,0.0166425691665305,0.017572799930349,0,59.9315940795175,2,preferred-external-screen,1920,1080,1920,1080,598,336,60,36.2419979414704,0,1,0,0,25.1.0.2943329 (R2025a),"3.0.19 - Flavor: Manual Install, 03-Jun-2025 15:56:55",win64
RS-MISSION-20260806-JP-TWO-GROUP-MOTION-DEMO,0.6.0,uncommitted,2026-08-27T17:32:26.444Z,ANON-20260827-122917-000,34,2,10,144,144,6,2,0,G45,8,-45,45,120,120,75,156.206023113003,0.5,0,-0.25,0.433012701892219,0.183012701892219,0.683012701892219,-0.566987298107781,0.25,0,0.866025403784439,-0.75,-0.433012701892219,50,[33 50 100],5,25,125,0,[0 250 0],[255 0 0],[0 153 255],20260806,-70.0019197737139,169.998080226286,169.998080226286,-90,integration hypothesis: center+inner group relative to outer; not an objectively correct answer,0,90,30,120,-150,-100.001919773714,1.88543380005285,1,1.20200020004995,174.240024005994,113.395040076001,0,1,,0,NONE,0.0166856899997219,0.0166158266675969,0.0169668002054095,0,59.9315940795175,2,preferred-external-screen,1920,1080,1920,1080,598,336,60,36.2419979414704,0,1,0,0,25.1.0.2943329 (R2025a),"3.0.19 - Flavor: Manual Install, 03-Jun-2025 15:56:55",win64
RS-MISSION-20260806-JP-TWO-GROUP-MOTION-DEMO,0.6.0,uncommitted,2026-08-27T17:32:31.009Z,ANON-20260827-122917-000,35,2,11,144,144,6,2,0,G00,1,-0,0,120,120,120,180,0.5,0,-0.25,0.433012701892219,-0.25,0.433012701892219,-1,0,0,0.866025403784439,-0.75,-0.433012701892219,50,[33 50 100],5,25,125,0,[0 250 0],[255 0 0],[0 153 255],20260806,89.9295416737242,-30.0704583262758,-30.0704583262758,-90,integration hypothesis: center+inner group relative to outer; not an objectively correct answer,0,NaN,30,120,NaN,59.9295416737242,1.66830250015482,1,0.90081650018692,138.09798002243,66.1073363351968,0,1,,0,NONE,0.0166856899997219,0.0166900841655054,0.0174417998641729,0,59.9315940795175,2,preferred-external-screen,1920,1080,1920,1080,598,336,60,36.2419979414704,0,1,0,0,25.1.0.2943329 (R2025a),"3.0.19 - Flavor: Manual Install, 03-Jun-2025 15:56:55",win64
RS-MISSION-20260806-JP-TWO-GROUP-MOTION-DEMO,0.6.0,uncommitted,2026-08-27T17:32:35.755Z,ANON-20260827-122917-000,36,2,12,144,144,6,2,0,G10,4,-10,10,120,120,110,177.267592790388,0.5,0,-0.25,0.433012701892219,-0.17364817766693,0.477094447069336,-0.92364817766693,0.0440817451771163,0,0.866025403784439,-0.75,-0.433012701892219,50,[33 50 100],5,25,125,0,[0 250 0],[255 0 0],[0 153 255],20260806,-63.0083387001563,176.991661299844,176.991661299844,-90,integration hypothesis: center+inner group relative to outer; not an objectively correct answer,0,90,30,120,-150,-93.0083387001563,1.88578619994223,2,0.717354699969292,116.082563996315,49.2229386457494,0,1,,0,NONE,0.0166856899997219,0.0166842764705232,0.0170201999135315,0,59.9315940795175,2,preferred-external-screen,1920,1080,1920,1080,598,336,60,36.2419979414704,0,1,0,0,25.1.0.2943329 (R2025a),"3.0.19 - Flavor: Manual Install, 03-Jun-2025 15:56:55",win64
RS-MISSION-20260806-JP-TWO-GROUP-MOTION-DEMO,0.6.0,uncommitted,2026-08-27T17:32:40.632Z,ANON-20260827-122917-000,37,2,13,144,144,6,2,0,G15,5,-15,15,120,120,105,175.666427663413,0.5,0,-0.25,0.433012701892219,-0.133974596215561,0.5,-0.883974596215561,0.0669872981077807,0,0.866025403784439,-0.75,-0.433012701892219,33,[33 50 100],3,17,83,0,[0 250 0],[255 0 0],[0 153 255],20260806,-79.548551279574,160.451448720426,160.451448720426,-90,integration hypothesis: center+inner group relative to outer; not an objectively correct answer,0,90,30,120,-150,-109.548551279574,1.96787609998137,1,1.41846300009638,200.215560011566,154.230003547289,0,1,,0,NONE,0.0166856899997219,0.0166904216671052,0.0175703000277281,0,59.9315940795175,2,preferred-external-screen,1920,1080,1920,1080,598,336,60,36.2419979414704,0,1,0,0,25.1.0.2943329 (R2025a),"3.0.19 - Flavor: Manual Install, 03-Jun-2025 15:56:55",win64
RS-MISSION-20260806-JP-TWO-GROUP-MOTION-DEMO,0.6.0,uncommitted,2026-08-27T17:32:45.232Z,ANON-20260827-122917-000,38,2,14,144,144,6,2,0,G10,4,-10,10,120,120,110,177.267592790388,0.5,0,-0.25,0.433012701892219,-0.17364817766693,0.477094447069336,-0.92364817766693,0.0440817451771163,0,0.866025403784439,-0.75,-0.433012701892219,33,[33 50 100],3,17,83,1,[0 250 0],[0 153 255],[255 0 0],20260806,-136.749989764587,103.250010235413,103.250010235413,-90,integration hypothesis: center+inner group relative to outer; not an objectively correct answer,0,90,30,120,-150,-166.749989764587,1.70170280011371,1,0.716422300087288,115.970676010475,41.5425486446045,0,1,,0,NONE,0.0166856899997219,0.0166370849998202,0.0174537999555469,0,59.9315940795175,2,preferred-external-screen,1920,1080,1920,1080,598,336,60,36.2419979414704,0,1,0,0,25.1.0.2943329 (R2025a),"3.0.19 - Flavor: Manual Install, 03-Jun-2025 15:56:55",win64
RS-MISSION-20260806-JP-TWO-GROUP-MOTION-DEMO,0.6.0,uncommitted,2026-08-27T17:32:49.789Z,ANON-20260827-122917-000,39,2,15,144,144,6,2,0,G45,8,-45,45,120,120,75,156.206023113003,0.5,0,-0.25,0.433012701892219,0.183012701892219,0.683012701892219,-0.566987298107781,0.25,0,0.866025403784439,-0.75,-0.433012701892219,100,[33 50 100],10,50,250,0,[0 250 0],[255 0 0],[0 153 255],20260806,172.271645408651,52.2716454086514,52.2716454086514,-90,integration hypothesis: center+inner group relative to outer; not an objectively correct answer,0,90,30,120,-150,142.271645408651,1.63434750004672,1,0.917624299880117,140.114915985614,68.3810477221976,0,1,,0,NONE,0.0166856899997219,0.0166781450000902,0.0170888998545706,0,59.9315940795175,2,preferred-external-screen,1920,1080,1920,1080,598,336,60,36.2419979414704,0,1,0,0,25.1.0.2943329 (R2025a),"3.0.19 - Flavor: Manual Install, 03-Jun-2025 15:56:55",win64
RS-MISSION-20260806-JP-TWO-GROUP-MOTION-DEMO,0.6.0,uncommitted,2026-08-27T17:32:55.045Z,ANON-20260827-122917-000,40,2,16,144,144,6,2,0,G03,2,-3,3,120,120,117,179.231928806588,0.5,0,-0.25,0.433012701892219,-0.227306765892479,0.44611464671298,-0.977306765892479,0.0131019448207603,0,0.866025403784439,-0.75,-0.433012701892219,100,[33 50 100],10,50,250,0,[0 250 0],[255 0 0],[0 153 255],20260806,-95.1446877557403,144.85531224426,144.85531224426,-90,integration hypothesis: center+inner group relative to outer; not an objectively correct answer,0,90,30,120,-150,-125.14468775574,2.33619940001518,2,0.884238000027835,136.10856000334,80.8502840327441,0,1,,0,NONE,0.0166856899997219,0.0166438541666139,0.0175985000096262,0,59.9315940795175,2,preferred-external-screen,1920,1080,1920,1080,598,336,60,36.2419979414704,0,1,0,0,25.1.0.2943329 (R2025a),"3.0.19 - Flavor: Manual Install, 03-Jun-2025 15:56:55",win64
RS-MISSION-20260806-JP-TWO-GROUP-MOTION-DEMO,0.6.0,uncommitted,2026-08-27T17:33:00.569Z,ANON-20260827-122917-000,41,2,17,144,144,6,2,0,G30,7,-30,30,120,120,90,169.106605350869,0.5,0,-0.25,0.433012701892219,-2.77555756156289e-17,0.577350269189626,-0.75,0.144337567297406,0,0.866025403784439,-0.75,-0.433012701892219,100,[33 50 100],10,50,250,1,[0 250 0],[0 153 255],[255 0 0],20260806,-143.041400071041,96.9585999289587,96.9585999289587,-90,integration hypothesis: center+inner group relative to outer; not an objectively correct answer,0,90,30,120,-150,-173.041400071041,2.65193689987063,2,1.13558060000651,166.269672000781,125.768507789725,0,1,,0,NONE,0.0166856899997219,0.0166424916649703,0.017687699990347,0,59.9315940795175,2,preferred-external-screen,1920,1080,1920,1080,598,336,60,36.2419979414704,0,1,0,0,25.1.0.2943329 (R2025a),"3.0.19 - Flavor: Manual Install, 03-Jun-2025 15:56:55",win64
RS-MISSION-20260806-JP-TWO-GROUP-MOTION-DEMO,0.6.0,uncommitted,2026-08-27T17:33:04.883Z,ANON-20260827-122917-000,42,2,18,144,144,6,2,0,G03,2,-3,3,120,120,117,179.231928806588,0.5,0,-0.25,0.433012701892219,-0.227306765892479,0.44611464671298,-0.977306765892479,0.0131019448207603,0,0.866025403784439,-0.75,-0.433012701892219,50,[33 50 100],5,25,125,0,[0 250 0],[255 0 0],[0 153 255],20260806,-36.1194978790382,-156.119497879038,-156.119497879038,-90,integration hypothesis: center+inner group relative to outer; not an objectively correct answer,0,90,30,120,-150,-66.1194978790382,1.46811130014248,1,0.684052400058135,112.086288006976,38.7710271934437,0,1,,0,NONE,0.0166856899997219,0.0166376658327257,0.0177699998021126,0,59.9315940795175,2,preferred-external-screen,1920,1080,1920,1080,598,336,60,36.2419979414704,0,1,0,0,25.1.0.2943329 (R2025a),"3.0.19 - Flavor: Manual Install, 03-Jun-2025 15:56:55",win64
RS-MISSION-20260806-JP-TWO-GROUP-MOTION-DEMO,0.6.0,uncommitted,2026-08-27T17:33:10.240Z,ANON-20260827-122917-000,43,2,19,144,144,6,2,0,G00,1,-0,0,120,120,120,180,0.5,0,-0.25,0.433012701892219,-0.25,0.433012701892219,-1,0,0,0.866025403784439,-0.75,-0.433012701892219,100,[33 50 100],10,50,250,0,[0 250 0],[255 0 0],[0 153 255],20260806,-95.7769782920591,144.223021707941,144.223021707941,-90,integration hypothesis: center+inner group relative to outer; not an objectively correct answer,0,NaN,30,120,NaN,-125.776978292059,2.41942739998922,1,1.80084859998897,246.101831998676,239.926007730248,0,1,,0,NONE,0.0166856899997219,0.0166903083329089,0.0175197999924421,0,59.9315940795175,2,preferred-external-screen,1920,1080,1920,1080,598,336,60,36.2419979414704,0,1,0,0,25.1.0.2943329 (R2025a),"3.0.19 - Flavor: Manual Install, 03-Jun-2025 15:56:55",win64
RS-MISSION-20260806-JP-TWO-GROUP-MOTION-DEMO,0.6.0,uncommitted,2026-08-27T17:33:15.340Z,ANON-20260827-122917-000,44,2,20,144,144,6,2,0,G05,3,-5,5,120,120,115,178.697696962912,0.5,0,-0.25,0.433012701892219,-0.2121162974217,0.4548848677737,-0.9621162974217,0.021872165881481,0,0.866025403784439,-0.75,-0.433012701892219,50,[33 50 100],5,25,125,1,[0 250 0],[0 153 255],[255 0 0],20260806,-30.5482453973427,-150.548245397343,-150.548245397343,-90,integration hypothesis: center+inner group relative to outer; not an objectively correct answer,0,90,30,120,-150,-60.5482453973427,2.23623319994658,1,1.26841729995795,182.210075994954,125.322404586705,0,1,,0,NONE,0.0166856899997219,0.0166900658339728,0.0174277001060545,0,59.9315940795175,2,preferred-external-screen,1920,1080,1920,1080,598,336,60,36.2419979414704,0,1,0,0,25.1.0.2943329 (R2025a),"3.0.19 - Flavor: Manual Install, 03-Jun-2025 15:56:55",win64
RS-MISSION-20260806-JP-TWO-GROUP-MOTION-DEMO,0.6.0,uncommitted,2026-08-27T17:33:20.362Z,ANON-20260827-122917-000,45,2,21,144,144,6,2,0,G30,7,-30,30,120,120,90,169.106605350869,0.5,0,-0.25,0.433012701892219,-2.77555756156289e-17,0.577350269189626,-0.75,0.144337567297406,0,0.866025403784439,-0.75,-0.433012701892219,50,[33 50 100],5,25,125,1,[0 250 0],[0 153 255],[255 0 0],20260806,138.044834875824,18.044834875824,18.044834875824,-90,integration hypothesis: center+inner group relative to outer; not an objectively correct answer,0,90,30,120,-150,108.044834875824,2.16882439982146,1,1.40027740015648,198.033288018778,149.567191951948,0,1,,0,NONE,0.0166856899997219,0.0166837630261268,0.0169098998885602,0,59.9315940795175,2,preferred-external-screen,1920,1080,1920,1080,598,336,60,36.2419979414704,0,1,0,0,25.1.0.2943329 (R2025a),"3.0.19 - Flavor: Manual Install, 03-Jun-2025 15:56:55",win64
RS-MISSION-20260806-JP-TWO-GROUP-MOTION-DEMO,0.6.0,uncommitted,2026-08-27T17:33:25.174Z,ANON-20260827-122917-000,46,2,22,144,144,6,2,0,G00,1,-0,0,120,120,120,180,0.5,0,-0.25,0.433012701892219,-0.25,0.433012701892219,-1,0,0,0.866025403784439,-0.75,-0.433012701892219,33,[33 50 100],3,17,83,0,[0 250 0],[255 0 0],[0 153 255],20260806,-76.8720487401758,163.127951259824,163.127951259824,-90,integration hypothesis: center+inner group relative to outer; not an objectively correct answer,0,NaN,30,120,NaN,-106.872048740176,1.88448240002617,1,1.13451720005833,166.142064006999,100.91723513979,0,1,,0,NONE,0.0166856899997219,0.0166818915979796,0.0169309000484645,0,59.9315940795175,2,preferred-external-screen,1920,1080,1920,1080,598,336,60,36.2419979414704,0,1,0,0,25.1.0.2943329 (R2025a),"3.0.19 - Flavor: Manual Install, 03-Jun-2025 15:56:55",win64
RS-MISSION-20260806-JP-TWO-GROUP-MOTION-DEMO,0.6.0,uncommitted,2026-08-27T17:33:29.890Z,ANON-20260827-122917-000,47,2,23,144,144,6,2,0,G05,3,-5,5,120,120,115,178.697696962912,0.5,0,-0.25,0.433012701892219,-0.2121162974217,0.4548848677737,-0.9621162974217,0.021872165881481,0,0.866025403784439,-0.75,-0.433012701892219,100,[33 50 100],10,50,250,0,[0 250 0],[255 0 0],[0 153 255],20260806,27.0595426640897,-92.9404573359103,-92.9404573359103,-90,integration hypothesis: center+inner group relative to outer; not an objectively correct answer,0,90,30,120,-150,-2.94045733591031,1.80234770011157,1,1.16727089998312,170.072507997975,106.462028616451,0,1,,0,NONE,0.0166856899997219,0.0166436766662324,0.0174941001459956,0,59.9315940795175,2,preferred-external-screen,1920,1080,1920,1080,598,336,60,36.2419979414704,0,1,0,0,25.1.0.2943329 (R2025a),"3.0.19 - Flavor: Manual Install, 03-Jun-2025 15:56:55",win64
RS-MISSION-20260806-JP-TWO-GROUP-MOTION-DEMO,0.6.0,uncommitted,2026-08-27T17:33:34.288Z,ANON-20260827-122917-000,48,2,24,144,144,6,2,0,G20,6,-20,20,120,120,100,173.83502233193,0.5,0,-0.25,0.433012701892219,-0.0923962654520477,0.52400526045877,-0.842396265452048,0.0909925585665506,0,0.866025403784439,-0.75,-0.433012701892219,100,[33 50 100],10,50,250,1,[0 250 0],[0 153 255],[255 0 0],20260806,-45.1912873569188,-165.191287356919,-165.191287356919,-90,integration hypothesis: center+inner group relative to outer; not an objectively correct answer,0,90,30,120,-150,-75.1912873569188,1.53477300005034,1,0.968790400074795,146.254848008975,75.7664207368083,0,1,,0,NONE,0.0166856899997219,0.0166848386547865,0.016970600001514,0,59.9315940795175,2,preferred-external-screen,1920,1080,1920,1080,598,336,60,36.2419979414704,0,1,0,0,25.1.0.2943329 (R2025a),"3.0.19 - Flavor: Manual Install, 03-Jun-2025 15:56:55",win64
RS-MISSION-20260806-JP-TWO-GROUP-MOTION-DEMO,0.6.0,uncommitted,2026-08-27T17:33:38.499Z,ANON-20260827-122917-000,49,3,1,144,144,6,2,0,G20,6,-20,20,240,-120,-140,-66.16497766807,0.5,0,-0.25,-0.433012701892219,-0.407603734547952,-0.342020143325669,0.342396265452048,-0.775032845217888,0,0.866025403784439,0.75,-0.433012701892219,50,[33 50 100],5,25,125,0,[0 250 0],[255 0 0],[0 153 255],20260806,-59.3324915303508,60.6675084696492,60.6675084696492,-90,integration hypothesis: center+inner group relative to outer; not an objectively correct answer,0,90,150,-120,-30,150.667508469649,1.31721180002205,1,0.699454500107095,113.934540012851,40.557881847817,0,1,,0,NONE,0.0166856899997219,0.0166197533331191,0.0169371999800205,0,59.9315940795175,2,preferred-external-screen,1920,1080,1920,1080,598,336,60,36.2419979414704,0,1,0,0,25.1.0.2943329 (R2025a),"3.0.19 - Flavor: Manual Install, 03-Jun-2025 15:56:55",win64
RS-MISSION-20260806-JP-TWO-GROUP-MOTION-DEMO,0.6.0,uncommitted,2026-08-27T17:33:41.711Z,ANON-20260827-122917-000,50,3,2,144,144,6,2,0,G30,7,-30,30,240,-120,-150,-70.8933946491309,0.5,0,-0.25,-0.433012701892219,-0.5,-0.288675134594813,0.25,-0.721687836487032,0,0.866025403784439,0.75,-0.433012701892219,33,[33 50 100],3,17,83,1,[0 250 0],[0 153 255],[255 0 0],20260806,69.3315106996468,-170.668489300353,-170.668489300353,-90,integration hypothesis: center+inner group relative to outer; not an objectively correct answer,0,90,150,-120,-30,-80.6684893003531,0.382961499970406,0,0,0,0,0,1,,0,NONE,0.0166856899997219,0.0166816708340775,0.0176858999766409,0,59.9315940795175,2,preferred-external-screen,1920,1080,1920,1080,598,336,60,36.2419979414704,0,1,0,0,25.1.0.2943329 (R2025a),"3.0.19 - Flavor: Manual Install, 03-Jun-2025 15:56:55",win64
RS-MISSION-20260806-JP-TWO-GROUP-MOTION-DEMO,0.6.0,uncommitted,2026-08-27T17:33:46.542Z,ANON-20260827-122917-000,51,3,3,144,144,6,2,0,G05,3,-5,5,240,-120,-125,-61.3023030370879,0.5,0,-0.25,-0.433012701892219,-0.2878837025783,-0.411140536010738,0.4621162974217,-0.844153237902958,0,0.866025403784439,0.75,-0.433012701892219,100,[33 50 100],10,50,250,0,[0 250 0],[255 0 0],[0 153 255],20260806,47.1912694679461,167.191269467946,167.191269467946,-90,integration hypothesis: center+inner group relative to outer; not an objectively correct answer,0,90,150,-120,-30,-102.808730532054,1.90103090018965,1,1.18341709999368,172.010051999241,109.226452945884,0,1,,0,NONE,0.0166856899997219,0.0166278058333167,0.017422900069505,0,59.9315940795175,2,preferred-external-screen,1920,1080,1920,1080,598,336,60,36.2419979414704,0,1,0,0,25.1.0.2943329 (R2025a),"3.0.19 - Flavor: Manual Install, 03-Jun-2025 15:56:55",win64
RS-MISSION-20260806-JP-TWO-GROUP-MOTION-DEMO,0.6.0,uncommitted,2026-08-27T17:33:51.393Z,ANON-20260827-122917-000,52,3,4,144,144,6,2,0,G00,1,-0,0,240,-120,-120,-60,0.5,0,-0.25,-0.433012701892219,-0.25,-0.433012701892219,0.5,-0.866025403784439,0,0.866025403784439,0.75,-0.433012701892219,33,[33 50 100],3,17,83,1,[0 250 0],[0 153 255],[255 0 0],20260806,53.5953426663472,173.595342666347,173.595342666347,-90,integration hypothesis: center+inner group relative to outer; not an objectively correct answer,0,NaN,150,-120,NaN,-96.4046573336528,1.96853959979489,1,1.06775270006619,158.130324007943,91.0379605612657,0,1,,0,NONE,0.0166856899997219,0.0166810233320575,0.0169631999451667,0,59.9315940795175,2,preferred-external-screen,1920,1080,1920,1080,598,336,60,36.2419979414704,0,1,0,0,25.1.0.2943329 (R2025a),"3.0.19 - Flavor: Manual Install, 03-Jun-2025 15:56:55",win64
RS-MISSION-20260806-JP-TWO-GROUP-MOTION-DEMO,0.6.0,uncommitted,2026-08-27T17:33:55.877Z,ANON-20260827-122917-000,53,3,5,144,144,6,2,0,G45,8,-45,45,240,-120,-165,-83.7939768869969,0.5,0,-0.25,-0.433012701892219,-0.683012701892219,-0.183012701892219,0.0669872981077806,-0.616025403784439,0,0.866025403784439,0.75,-0.433012701892219,50,[33 50 100],5,25,125,1,[0 250 0],[0 153 255],[255 0 0],20260806,92.8708254897111,-147.129174510289,-147.129174510289,-90,integration hypothesis: center+inner group relative to outer; not an objectively correct answer,0,90,150,-120,-30,-57.1291745102889,1.6006294998806,1,0.885174500057474,136.220940006897,63.8958117040332,0,1,,0,NONE,0.0166856899997219,0.0166848504195819,0.0169237002264708,0,59.9315940795175,2,preferred-external-screen,1920,1080,1920,1080,598,336,60,36.2419979414704,0,1,0,0,25.1.0.2943329 (R2025a),"3.0.19 - Flavor: Manual Install, 03-Jun-2025 15:56:55",win64
RS-MISSION-20260806-JP-TWO-GROUP-MOTION-DEMO,0.6.0,uncommitted,2026-08-27T17:34:00.362Z,ANON-20260827-122917-000,54,3,6,144,144,6,2,0,G05,3,-5,5,240,-120,-125,-61.3023030370879,0.5,0,-0.25,-0.433012701892219,-0.2878837025783,-0.411140536010738,0.4621162974217,-0.844153237902958,0,0.866025403784439,0.75,-0.433012701892219,33,[33 50 100],3,17,83,0,[0 250 0],[255 0 0],[0 153 255],20260806,-144.30493746096,-24.3049374609603,-24.3049374609603,-90,integration hypothesis: center+inner group relative to outer; not an objectively correct answer,0,90,150,-120,-30,65.6950625390397,1.56751820002683,1,0.70015659998171,114.018791997805,40.6390645507825,0,1,,0,NONE,0.0166856899997219,0.0166168466676027,0.01713029993698,0,59.9315940795175,2,preferred-external-screen,1920,1080,1920,1080,598,336,60,36.2419979414704,0,1,0,0,25.1.0.2943329 (R2025a),"3.0.19 - Flavor: Manual Install, 03-Jun-2025 15:56:55",win64
RS-MISSION-20260806-JP-TWO-GROUP-MOTION-DEMO,0.6.0,uncommitted,2026-08-27T17:34:05.091Z,ANON-20260827-122917-000,55,3,7,144,144,6,2,0,G05,3,-5,5,240,-120,-125,-61.3023030370879,0.5,0,-0.25,-0.433012701892219,-0.2878837025783,-0.411140536010738,0.4621162974217,-0.844153237902958,0,0.866025403784439,0.75,-0.433012701892219,50,[33 50 100],5,25,125,1,[0 250 0],[0 153 255],[255 0 0],20260806,100.881471749706,-139.118528250294,-139.118528250294,-90,integration hypothesis: center+inner group relative to outer; not an objectively correct answer,0,90,150,-120,-30,-49.1185282502939,1.80250799981877,1,1.00013779988512,150.016535986215,79.5658647453187,0,1,,0,NONE,0.0166856899997219,0.0166387308330741,0.017412600107491,0,59.9315940795175,2,preferred-external-screen,1920,1080,1920,1080,598,336,60,36.2419979414704,0,1,0,0,25.1.0.2943329 (R2025a),"3.0.19 - Flavor: Manual Install, 03-Jun-2025 15:56:55",win64
RS-MISSION-20260806-JP-TWO-GROUP-MOTION-DEMO,0.6.0,uncommitted,2026-08-27T17:34:08.953Z,ANON-20260827-122917-000,56,3,8,144,144,6,2,0,G30,7,-30,30,240,-120,-150,-70.8933946491309,0.5,0,-0.25,-0.433012701892219,-0.5,-0.288675134594813,0.25,-0.721687836487032,0,0.866025403784439,0.75,-0.433012701892219,50,[33 50 100],5,25,125,0,[0 250 0],[255 0 0],[0 153 255],20260806,136.622913434783,-103.377086565217,-103.377086565217,-90,integration hypothesis: center+inner group relative to outer; not an objectively correct answer,0,90,150,-120,-30,-13.3770865652175,0.966863800073043,0,0,0,0,0,1,,0,NONE,0.0166856899997219,0.0166896724995847,0.0175299998372793,0,59.9315940795175,2,preferred-external-screen,1920,1080,1920,1080,598,336,60,36.2419979414704,0,1,0,0,25.1.0.2943329 (R2025a),"3.0.19 - Flavor: Manual Install, 03-Jun-2025 15:56:55",win64
RS-MISSION-20260806-JP-TWO-GROUP-MOTION-DEMO,0.6.0,uncommitted,2026-08-27T17:34:13.338Z,ANON-20260827-122917-000,57,3,9,144,144,6,2,0,G03,2,-3,3,240,-120,-123,-60.7680711934123,0.5,0,-0.25,-0.433012701892219,-0.272693234107521,-0.419910757071459,0.477306765892479,-0.852923458963678,0,0.866025403784439,0.75,-0.433012701892219,100,[33 50 100],10,50,250,0,[0 250 0],[255 0 0],[0 153 255],20260806,50.3520231856266,170.352023185627,170.352023185627,-90,integration hypothesis: center+inner group relative to outer; not an objectively correct answer,0,90,150,-120,-30,-99.6479768143734,1.53399759996682,1,1.08394960011356,160.073952013627,93.5904876751147,0,1,,0,NONE,0.0166856899997219,0.0166441483345504,0.0175125000532717,0,59.9315940795175,2,preferred-external-screen,1920,1080,1920,1080,598,336,60,36.2419979414704,0,1,0,0,25.1.0.2943329 (R2025a),"3.0.19 - Flavor: Manual Install, 03-Jun-2025 15:56:55",win64
RS-MISSION-20260806-JP-TWO-GROUP-MOTION-DEMO,0.6.0,uncommitted,2026-08-27T17:34:17.648Z,ANON-20260827-122917-000,58,3,10,144,144,6,2,0,G10,4,-10,10,240,-120,-130,-62.7324072096124,0.5,0,-0.25,-0.433012701892219,-0.32635182233307,-0.388930956715103,0.42364817766693,-0.821943658607322,0,0.866025403784439,0.75,-0.433012701892219,33,[33 50 100],3,17,83,1,[0 250 0],[0 153 255],[255 0 0],20260806,167.490153835765,-72.5098461642348,-72.5098461642348,-90,integration hypothesis: center+inner group relative to outer; not an objectively correct answer,0,90,150,-120,-30,17.4901538357652,1.38489960017614,0,0,0,0,0,1,,0,NONE,0.0166856899997219,0.0166601858334616,0.0169780999422073,0,59.9315940795175,2,preferred-external-screen,1920,1080,1920,1080,598,336,60,36.2419979414704,0,1,0,0,25.1.0.2943329 (R2025a),"3.0.19 - Flavor: Manual Install, 03-Jun-2025 15:56:55",win64
RS-MISSION-20260806-JP-TWO-GROUP-MOTION-DEMO,0.6.0,uncommitted,2026-08-27T17:34:21.594Z,ANON-20260827-122917-000,59,3,11,144,144,6,2,0,G15,5,-15,15,240,-120,-135,-64.3335723365867,0.5,0,-0.25,-0.433012701892219,-0.366025403784439,-0.366025403784439,0.383974596215561,-0.799038105676658,0,0.866025403784439,0.75,-0.433012701892219,100,[33 50 100],10,50,250,1,[0 250 0],[0 153 255],[255 0 0],20260806,88.4836973416914,-151.516302658309,-151.516302658309,-90,integration hypothesis: center+inner group relative to outer; not an objectively correct answer,0,90,150,-120,-30,-61.5163026583086,1.03440120001324,1,0.499166599940509,89.899991992861,18.9483451569482,0,1,,0,NONE,0.0166856899997219,0.0166226733320703,0.0169315000530332,0,59.9315940795175,2,preferred-external-screen,1920,1080,1920,1080,598,336,60,36.2419979414704,0,1,0,0,25.1.0.2943329 (R2025a),"3.0.19 - Flavor: Manual Install, 03-Jun-2025 15:56:55",win64
RS-MISSION-20260806-JP-TWO-GROUP-MOTION-DEMO,0.6.0,uncommitted,2026-08-27T17:34:25.230Z,ANON-20260827-122917-000,60,3,12,144,144,6,2,0,G30,7,-30,30,240,-120,-150,-70.8933946491309,0.5,0,-0.25,-0.433012701892219,-0.5,-0.288675134594813,0.25,-0.721687836487032,0,0.866025403784439,0.75,-0.433012701892219,100,[33 50 100],10,50,250,0,[0 250 0],[255 0 0],[0 153 255],20260806,97.8324345962446,-142.167565403755,-142.167565403755,-90,integration hypothesis: center+inner group relative to outer; not an objectively correct answer,0,90,150,-120,-30,-52.1675654037554,0.751288900151849,0,0,0,0,0,1,,0,NONE,0.0166856899997219,0.0166683391667902,0.0169106998946518,0,59.9315940795175,2,preferred-external-screen,1920,1080,1920,1080,598,336,60,36.2419979414704,0,1,0,0,25.1.0.2943329 (R2025a),"3.0.19 - Flavor: Manual Install, 03-Jun-2025 15:56:55",win64
RS-MISSION-20260806-JP-TWO-GROUP-MOTION-DEMO,0.6.0,uncommitted,2026-08-27T17:34:30.371Z,ANON-20260827-122917-000,61,3,13,144,144,6,2,0,G03,2,-3,3,240,-120,-123,-60.7680711934123,0.5,0,-0.25,-0.433012701892219,-0.272693234107521,-0.419910757071459,0.477306765892479,-0.852923458963678,0,0.866025403784439,0.75,-0.433012701892219,50,[33 50 100],5,25,125,1,[0 250 0],[0 153 255],[255 0 0],20260806,-14.0801693636408,105.919830636359,105.919830636359,-90,integration hypothesis: center+inner group relative to outer; not an objectively correct answer,0,90,150,-120,-30,-164.080169363641,2.28487819992006,2,1.18485259986483,172.182311983779,141.044184966756,0,1,,0,NONE,0.0166856899997219,0.0166906283334053,0.0175327998585999,0,59.9315940795175,2,preferred-external-screen,1920,1080,1920,1080,598,336,60,36.2419979414704,0,1,0,0,25.1.0.2943329 (R2025a),"3.0.19 - Flavor: Manual Install, 03-Jun-2025 15:56:55",win64
RS-MISSION-20260806-JP-TWO-GROUP-MOTION-DEMO,0.6.0,uncommitted,2026-08-27T17:34:34.102Z,ANON-20260827-122917-000,62,3,14,144,144,6,2,0,G15,5,-15,15,240,-120,-135,-64.3335723365867,0.5,0,-0.25,-0.433012701892219,-0.366025403784439,-0.366025403784439,0.383974596215561,-0.799038105676658,0,0.866025403784439,0.75,-0.433012701892219,50,[33 50 100],5,25,125,0,[0 250 0],[255 0 0],[0 153 255],20260806,-15.5936286581069,104.406371341893,104.406371341893,-90,integration hypothesis: center+inner group relative to outer; not an objectively correct answer,0,90,150,-120,-30,-165.593628658107,0.834850399987772,0,0,0,0,0,1,,0,NONE,0.0166856899997219,0.0166839799998949,0.0169271000195295,0,59.9315940795175,2,preferred-external-screen,1920,1080,1920,1080,598,336,60,36.2419979414704,0,1,0,0,25.1.0.2943329 (R2025a),"3.0.19 - Flavor: Manual Install, 03-Jun-2025 15:56:55",win64
RS-MISSION-20260806-JP-TWO-GROUP-MOTION-DEMO,0.6.0,uncommitted,2026-08-27T17:34:39.260Z,ANON-20260827-122917-000,63,3,15,144,144,6,2,0,G03,2,-3,3,240,-120,-123,-60.7680711934123,0.5,0,-0.25,-0.433012701892219,-0.272693234107521,-0.419910757071459,0.477306765892479,-0.852923458963678,0,0.866025403784439,0.75,-0.433012701892219,33,[33 50 100],3,17,83,0,[0 250 0],[255 0 0],[0 153 255],20260806,92.7237333145945,-147.276266685405,-147.276266685405,-90,integration hypothesis: center+inner group relative to outer; not an objectively correct answer,0,90,150,-120,-30,-57.2762666854055,2.26947730011307,1,1.6849817999173,232.197815990075,212.007385956636,0,1,,0,NONE,0.0166856899997219,0.0166837714275956,0.0169283000286669,0,59.9315940795175,2,preferred-external-screen,1920,1080,1920,1080,598,336,60,36.2419979414704,0,1,0,0,25.1.0.2943329 (R2025a),"3.0.19 - Flavor: Manual Install, 03-Jun-2025 15:56:55",win64
RS-MISSION-20260806-JP-TWO-GROUP-MOTION-DEMO,0.6.0,uncommitted,2026-08-27T17:34:43.932Z,ANON-20260827-122917-000,64,3,16,144,144,6,2,0,G00,1,-0,0,240,-120,-120,-60,0.5,0,-0.25,-0.433012701892219,-0.25,-0.433012701892219,0.5,-0.866025403784439,0,0.866025403784439,0.75,-0.433012701892219,100,[33 50 100],10,50,250,0,[0 250 0],[255 0 0],[0 153 255],20260806,-30.1085158831731,89.8914841168269,89.8914841168269,-90,integration hypothesis: center+inner group relative to outer; not an objectively correct answer,0,NaN,150,-120,NaN,179.891484116827,1.76768560009077,1,0.816293000010774,127.955160001293,53.8491305235162,0,1,,0,NONE,0.0166856899997219,0.0166893225008001,0.017532000085339,0,59.9315940795175,2,preferred-external-screen,1920,1080,1920,1080,598,336,60,36.2419979414704,0,1,0,0,25.1.0.2943329 (R2025a),"3.0.19 - Flavor: Manual Install, 03-Jun-2025 15:56:55",win64
RS-MISSION-20260806-JP-TWO-GROUP-MOTION-DEMO,0.6.0,uncommitted,2026-08-27T17:34:48.514Z,ANON-20260827-122917-000,65,3,17,144,144,6,2,0,G20,6,-20,20,240,-120,-140,-66.16497766807,0.5,0,-0.25,-0.433012701892219,-0.407603734547952,-0.342020143325669,0.342396265452048,-0.775032845217888,0,0.866025403784439,0.75,-0.433012701892219,100,[33 50 100],10,50,250,1,[0 250 0],[0 153 255],[255 0 0],20260806,-27.7434755579339,92.2565244420661,92.2565244420661,-90,integration hypothesis: center+inner group relative to outer; not an objectively correct answer,0,90,150,-120,-30,-177.743475557934,1.73541090008803,1,0.934379199985415,142.12550399825,70.8741082488354,0,1,,0,NONE,0.0166856899997219,0.0166829099995084,0.0169222000986338,0,59.9315940795175,2,preferred-external-screen,1920,1080,1920,1080,598,336,60,36.2419979414704,0,1,0,0,25.1.0.2943329 (R2025a),"3.0.19 - Flavor: Manual Install, 03-Jun-2025 15:56:55",win64
RS-MISSION-20260806-JP-TWO-GROUP-MOTION-DEMO,0.6.0,uncommitted,2026-08-27T17:34:53.034Z,ANON-20260827-122917-000,66,3,18,144,144,6,2,0,G10,4,-10,10,240,-120,-130,-62.7324072096124,0.5,0,-0.25,-0.433012701892219,-0.32635182233307,-0.388930956715103,0.42364817766693,-0.821943658607322,0,0.866025403784439,0.75,-0.433012701892219,50,[33 50 100],5,25,125,1,[0 250 0],[0 153 255],[255 0 0],20260806,52.7518795938546,172.751879593855,172.751879593855,-90,integration hypothesis: center+inner group relative to outer; not an objectively correct answer,0,90,150,-120,-30,-97.2481204061454,1.6518496000208,1,0.949544499861076,143.945339983329,73.0389666094138,0,1,,0,NONE,0.0166856899997219,0.0166836823532436,0.0171298999339342,0,59.9315940795175,2,preferred-external-screen,1920,1080,1920,1080,598,336,60,36.2419979414704,0,1,0,0,25.1.0.2943329 (R2025a),"3.0.19 - Flavor: Manual Install, 03-Jun-2025 15:56:55",win64
RS-MISSION-20260806-JP-TWO-GROUP-MOTION-DEMO,0.6.0,uncommitted,2026-08-27T17:34:58.154Z,ANON-20260827-122917-000,67,3,19,144,144,6,2,0,G45,8,-45,45,240,-120,-165,-83.7939768869969,0.5,0,-0.25,-0.433012701892219,-0.683012701892219,-0.183012701892219,0.0669872981077806,-0.616025403784439,0,0.866025403784439,0.75,-0.433012701892219,100,[33 50 100],10,50,250,0,[0 250 0],[255 0 0],[0 153 255],20260806,112.613383159084,-127.386616840916,-127.386616840916,-90,integration hypothesis: center+inner group relative to outer; not an objectively correct answer,0,90,150,-120,-30,-37.386616840916,2.23483850015327,1,1.48462600004859,208.155120005831,166.794090959429,0,1,,0,NONE,0.0166856899997219,0.0166114466652895,0.0169770999345928,0,59.9315940795175,2,preferred-external-screen,1920,1080,1920,1080,598,336,60,36.2419979414704,0,1,0,0,25.1.0.2943329 (R2025a),"3.0.19 - Flavor: Manual Install, 03-Jun-2025 15:56:55",win64
RS-MISSION-20260806-JP-TWO-GROUP-MOTION-DEMO,0.6.0,uncommitted,2026-08-27T17:35:02.595Z,ANON-20260827-122917-000,68,3,20,144,144,6,2,0,G15,5,-15,15,240,-120,-135,-64.3335723365867,0.5,0,-0.25,-0.433012701892219,-0.366025403784439,-0.366025403784439,0.383974596215561,-0.799038105676658,0,0.866025403784439,0.75,-0.433012701892219,33,[33 50 100],3,17,83,0,[0 250 0],[255 0 0],[0 153 255],20260806,-89.9610004150554,30.0389995849446,30.0389995849446,-90,integration hypothesis: center+inner group relative to outer; not an objectively correct answer,0,90,150,-120,-30,120.038999584945,1.58395480015315,1,1.06845879997127,158.215055996552,91.0585053466371,0,1,,0,NONE,0.0166856899997219,0.0166199225001037,0.0170547999441624,0,59.9315940795175,2,preferred-external-screen,1920,1080,1920,1080,598,336,60,36.2419979414704,0,1,0,0,25.1.0.2943329 (R2025a),"3.0.19 - Flavor: Manual Install, 03-Jun-2025 15:56:55",win64
RS-MISSION-20260806-JP-TWO-GROUP-MOTION-DEMO,0.6.0,uncommitted,2026-08-27T17:35:07.222Z,ANON-20260827-122917-000,69,3,21,144,144,6,2,0,G20,6,-20,20,240,-120,-140,-66.16497766807,0.5,0,-0.25,-0.433012701892219,-0.407603734547952,-0.342020143325669,0.342396265452048,-0.775032845217888,0,0.866025403784439,0.75,-0.433012701892219,33,[33 50 100],3,17,83,1,[0 250 0],[0 153 255],[255 0 0],20260806,46.4503294010036,166.450329401004,166.450329401004,-90,integration hypothesis: center+inner group relative to outer; not an objectively correct answer,0,90,150,-120,-30,-103.549670598996,1.73494890006259,1,1.23341049998999,178.009259998798,119.010235718358,0,1,,0,NONE,0.0166856899997219,0.0166840361345152,0.0169619000516832,0,59.9315940795175,2,preferred-external-screen,1920,1080,1920,1080,598,336,60,36.2419979414704,0,1,0,0,25.1.0.2943329 (R2025a),"3.0.19 - Flavor: Manual Install, 03-Jun-2025 15:56:55",win64
RS-MISSION-20260806-JP-TWO-GROUP-MOTION-DEMO,0.6.0,uncommitted,2026-08-27T17:35:11.635Z,ANON-20260827-122917-000,70,3,22,144,144,6,2,0,G10,4,-10,10,240,-120,-130,-62.7324072096124,0.5,0,-0.25,-0.433012701892219,-0.32635182233307,-0.388930956715103,0.42364817766693,-0.821943658607322,0,0.866025403784439,0.75,-0.433012701892219,100,[33 50 100],10,50,250,1,[0 250 0],[0 153 255],[255 0 0],20260806,-67.0217619804505,52.9782380195495,52.9782380195495,-90,integration hypothesis: center+inner group relative to outer; not an objectively correct answer,0,90,150,-120,-30,142.97823801955,1.4853236998897,1,0.900924100074917,138.11089200899,66.156888534621,0,1,,0,NONE,0.0166856899997219,0.0166896124991278,0.0174362999387085,0,59.9315940795175,2,preferred-external-screen,1920,1080,1920,1080,598,336,60,36.2419979414704,0,1,0,0,25.1.0.2943329 (R2025a),"3.0.19 - Flavor: Manual Install, 03-Jun-2025 15:56:55",win64
RS-MISSION-20260806-JP-TWO-GROUP-MOTION-DEMO,0.6.0,uncommitted,2026-08-27T17:35:16.166Z,ANON-20260827-122917-000,71,3,23,144,144,6,2,0,G00,1,-0,0,240,-120,-120,-60,0.5,0,-0.25,-0.433012701892219,-0.25,-0.433012701892219,0.5,-0.866025403784439,0,0.866025403784439,0.75,-0.433012701892219,50,[33 50 100],5,25,125,1,[0 250 0],[0 153 255],[255 0 0],20260806,-42.4667483003632,77.5332516996368,77.5332516996368,-90,integration hypothesis: center+inner group relative to outer; not an objectively correct answer,0,NaN,150,-120,NaN,167.533251699637,1.60215570009314,1,0.967513999901712,146.101679988205,75.6553801455036,0,1,,0,NONE,0.0166856899997219,0.0166231874997417,0.0177084000315517,0,59.9315940795175,2,preferred-external-screen,1920,1080,1920,1080,598,336,60,36.2419979414704,0,1,0,0,25.1.0.2943329 (R2025a),"3.0.19 - Flavor: Manual Install, 03-Jun-2025 15:56:55",win64
RS-MISSION-20260806-JP-TWO-GROUP-MOTION-DEMO,0.6.0,uncommitted,2026-08-27T17:35:21.013Z,ANON-20260827-122917-000,72,3,24,144,144,6,2,0,G45,8,-45,45,240,-120,-165,-83.7939768869969,0.5,0,-0.25,-0.433012701892219,-0.683012701892219,-0.183012701892219,0.0669872981077806,-0.616025403784439,0,0.866025403784439,0.75,-0.433012701892219,33,[33 50 100],3,17,83,0,[0 250 0],[255 0 0],[0 153 255],20260806,134.754690464211,-105.245309535789,-105.245309535789,-90,integration hypothesis: center+inner group relative to outer; not an objectively correct answer,0,90,150,-120,-30,-15.2453095357889,1.91781869996339,1,1.10112889995798,162.135467994958,96.2924892915374,0,1,,0,NONE,0.0166856899997219,0.016684916667873,0.0169037999585271,0,59.9315940795175,2,preferred-external-screen,1920,1080,1920,1080,598,336,60,36.2419979414704,0,1,0,0,25.1.0.2943329 (R2025a),"3.0.19 - Flavor: Manual Install, 03-Jun-2025 15:56:55",win64
RS-MISSION-20260806-JP-TWO-GROUP-MOTION-DEMO,0.6.0,uncommitted,2026-08-27T17:35:25.259Z,ANON-20260827-122917-000,73,4,1,144,144,6,2,0,G15,5,-15,15,120,120,105,175.666427663413,0.5,0,-0.25,0.433012701892219,-0.133974596215561,0.5,-0.883974596215561,0.0669872981077807,0,0.866025403784439,-0.75,-0.433012701892219,100,[33 50 100],10,50,250,1,[0 250 0],[0 153 255],[255 0 0],20260806,-43.9298063212133,-163.929806321213,-163.929806321213,-90,integration hypothesis: center+inner group relative to outer; not an objectively correct answer,0,90,30,120,-150,-73.9298063212133,1.33400509995408,1,0.784153600223362,124.098432026803,49.7292277980461,0,1,,0,NONE,0.0166856899997219,0.0166093333333265,0.0169641999527812,0,59.9315940795175,2,preferred-external-screen,1920,1080,1920,1080,598,336,60,36.2419979414704,0,1,0,0,25.1.0.2943329 (R2025a),"3.0.19 - Flavor: Manual Install, 03-Jun-2025 15:56:55",win64
RS-MISSION-20260806-JP-TWO-GROUP-MOTION-DEMO,0.6.0,uncommitted,2026-08-27T17:35:29.725Z,ANON-20260827-122917-000,74,4,2,144,144,6,2,0,G45,8,-45,45,120,120,75,156.206023113003,0.5,0,-0.25,0.433012701892219,0.183012701892219,0.683012701892219,-0.566987298107781,0.25,0,0.866025403784439,-0.75,-0.433012701892219,33,[33 50 100],3,17,83,0,[0 250 0],[255 0 0],[0 153 255],20260806,-48.6407819531182,-168.640781953118,-168.640781953118,-90,integration hypothesis: center+inner group relative to outer; not an objectively correct answer,0,90,30,120,-150,-78.6407819531182,1.5852568000555,1,1.00196520006284,150.235824007541,80.7430227723963,0,1,,0,NONE,0.0166856899997219,0.0166660466677664,0.0182547001168132,0,59.9315940795175,2,preferred-external-screen,1920,1080,1920,1080,598,336,60,36.2419979414704,0,1,0,0,25.1.0.2943329 (R2025a),"3.0.19 - Flavor: Manual Install, 03-Jun-2025 15:56:55",win64
RS-MISSION-20260806-JP-TWO-GROUP-MOTION-DEMO,0.6.0,uncommitted,2026-08-27T17:35:34.280Z,ANON-20260827-122917-000,75,4,3,144,144,6,2,0,G05,3,-5,5,120,120,115,178.697696962912,0.5,0,-0.25,0.433012701892219,-0.2121162974217,0.4548848677737,-0.9621162974217,0.021872165881481,0,0.866025403784439,-0.75,-0.433012701892219,50,[33 50 100],5,25,125,0,[0 250 0],[255 0 0],[0 153 255],20260806,-46.212513783249,-166.212513783249,-166.212513783249,-90,integration hypothesis: center+inner group relative to outer; not an objectively correct answer,0,90,30,120,-150,-76.212513783249,1.68529569986276,1,1.21788470004685,176.146164005622,116.193877800786,0,1,,0,NONE,0.0166856899997219,0.016683515965422,0.0169188000727445,0,59.9315940795175,2,preferred-external-screen,1920,1080,1920,1080,598,336,60,36.2419979414704,0,1,0,0,25.1.0.2943329 (R2025a),"3.0.19 - Flavor: Manual Install, 03-Jun-2025 15:56:55",win64
RS-MISSION-20260806-JP-TWO-GROUP-MOTION-DEMO,0.6.0,uncommitted,2026-08-27T17:35:40.560Z,ANON-20260827-122917-000,76,4,4,144,144,6,2,0,G15,5,-15,15,120,120,105,175.666427663413,0.5,0,-0.25,0.433012701892219,-0.133974596215561,0.5,-0.883974596215561,0.0669872981077807,0,0.866025403784439,-0.75,-0.433012701892219,50,[33 50 100],5,25,125,1,[0 250 0],[0 153 255],[255 0 0],20260806,-36.600736272804,-156.600736272804,-156.600736272804,-90,integration hypothesis: center+inner group relative to outer; not an objectively correct answer,0,90,30,120,-150,-66.600736272804,3.31910169986077,2,1.70104629988782,234.125555986539,233.993656448304,0,1,,0,NONE,0.0166856899997219,0.0166852310918146,0.0169666002038866,0,59.9315940795175,2,preferred-external-screen,1920,1080,1920,1080,598,336,60,36.2419979414704,0,1,0,0,25.1.0.2943329 (R2025a),"3.0.19 - Flavor: Manual Install, 03-Jun-2025 15:56:55",win64
RS-MISSION-20260806-JP-TWO-GROUP-MOTION-DEMO,0.6.0,uncommitted,2026-08-27T17:35:46.566Z,ANON-20260827-122917-000,77,4,5,144,144,6,2,0,G03,2,-3,3,120,120,117,179.231928806588,0.5,0,-0.25,0.433012701892219,-0.227306765892479,0.44611464671298,-0.977306765892479,0.0131019448207603,0,0.866025403784439,-0.75,-0.433012701892219,33,[33 50 100],3,17,83,1,[0 250 0],[0 153 255],[255 0 0],20260806,140.156602019371,20.1566020193706,20.1566020193706,-90,integration hypothesis: center+inner group relative to outer; not an objectively correct answer,0,90,30,120,-150,110.156602019371,3.05353239993565,2,1.43433719989844,202.120463987812,188.652875845852,0,1,,0,NONE,0.0166856899997219,0.0166606050004096,0.0169999001082033,0,59.9315940795175,2,preferred-external-screen,1920,1080,1920,1080,598,336,60,36.2419979414704,0,1,0,0,25.1.0.2943329 (R2025a),"3.0.19 - Flavor: Manual Install, 03-Jun-2025 15:56:55",win64
RS-MISSION-20260806-JP-TWO-GROUP-MOTION-DEMO,0.6.0,uncommitted,2026-08-27T17:35:51.747Z,ANON-20260827-122917-000,78,4,6,144,144,6,2,0,G05,3,-5,5,120,120,115,178.697696962912,0.5,0,-0.25,0.433012701892219,-0.2121162974217,0.4548848677737,-0.9621162974217,0.021872165881481,0,0.866025403784439,-0.75,-0.433012701892219,100,[33 50 100],10,50,250,1,[0 250 0],[0 153 255],[255 0 0],20260806,-43.5801520185228,-163.580152018523,-163.580152018523,-90,integration hypothesis: center+inner group relative to outer; not an objectively correct answer,0,90,30,120,-150,-73.5801520185228,2.26953809987754,1,1.51850340003148,212.220408003777,174.923770171201,0,1,,0,NONE,0.0166856899997219,0.0166649308327275,0.0169301999267191,0,59.9315940795175,2,preferred-external-screen,1920,1080,1920,1080,598,336,60,36.2419979414704,0,1,0,0,25.1.0.2943329 (R2025a),"3.0.19 - Flavor: Manual Install, 03-Jun-2025 15:56:55",win64
RS-MISSION-20260806-JP-TWO-GROUP-MOTION-DEMO,0.6.0,uncommitted,2026-08-27T17:35:56.919Z,ANON-20260827-122917-000,79,4,7,144,144,6,2,0,G30,7,-30,30,120,120,90,169.106605350869,0.5,0,-0.25,0.433012701892219,-2.77555756156289e-17,0.577350269189626,-0.75,0.144337567297406,0,0.866025403784439,-0.75,-0.433012701892219,100,[33 50 100],10,50,250,0,[0 250 0],[255 0 0],[0 153 255],20260806,-175.596641137174,64.4033588628258,64.4033588628258,-90,integration hypothesis: center+inner group relative to outer; not an objectively correct answer,0,90,30,120,-150,154.403358862826,2.28591699991375,1,1.484129199991,208.09550399892,167.703194265183,0,1,,0,NONE,0.0166856899997219,0.016683616806526,0.0174477000255138,0,59.9315940795175,2,preferred-external-screen,1920,1080,1920,1080,598,336,60,36.2419979414704,0,1,0,0,25.1.0.2943329 (R2025a),"3.0.19 - Flavor: Manual Install, 03-Jun-2025 15:56:55",win64
RS-MISSION-20260806-JP-TWO-GROUP-MOTION-DEMO,0.6.0,uncommitted,2026-08-27T17:36:02.062Z,ANON-20260827-122917-000,80,4,8,144,144,6,2,0,G20,6,-20,20,120,120,100,173.83502233193,0.5,0,-0.25,0.433012701892219,-0.0923962654520477,0.52400526045877,-0.842396265452048,0.0909925585665506,0,0.866025403784439,-0.75,-0.433012701892219,100,[33 50 100],10,50,250,0,[0 250 0],[255 0 0],[0 153 255],20260806,-91.8801524026336,148.119847597366,148.119847597366,-90,integration hypothesis: center+inner group relative to outer; not an objectively correct answer,0,90,30,120,-150,-121.880152402634,2.25226079998538,1,1.61833840003237,224.200608003885,196.836340654746,0,1,,0,NONE,0.0166856899997219,0.0166832831934752,0.0170780001208186,0,59.9315940795175,2,preferred-external-screen,1920,1080,1920,1080,598,336,60,36.2419979414704,0,1,0,0,25.1.0.2943329 (R2025a),"3.0.19 - Flavor: Manual Install, 03-Jun-2025 15:56:55",win64
RS-MISSION-20260806-JP-TWO-GROUP-MOTION-DEMO,0.6.0,uncommitted,2026-08-27T17:36:06.822Z,ANON-20260827-122917-000,81,4,9,144,144,6,2,0,G45,8,-45,45,120,120,75,156.206023113003,0.5,0,-0.25,0.433012701892219,0.183012701892219,0.683012701892219,-0.566987298107781,0.25,0,0.866025403784439,-0.75,-0.433012701892219,50,[33 50 100],5,25,125,0,[0 250 0],[255 0 0],[0 153 255],20260806,109.717430102881,-10.2825698971193,-10.2825698971193,-90,integration hypothesis: center+inner group relative to outer; not an objectively correct answer,0,90,30,120,-150,79.7174301028807,1.86861829995178,1,1.23446889990009,178.136267988011,118.245391935255,0,1,,0,NONE,0.0166856899997219,0.016690864165624,0.0176404998637736,0,59.9315940795175,2,preferred-external-screen,1920,1080,1920,1080,598,336,60,36.2419979414704,0,1,0,0,25.1.0.2943329 (R2025a),"3.0.19 - Flavor: Manual Install, 03-Jun-2025 15:56:55",win64
RS-MISSION-20260806-JP-TWO-GROUP-MOTION-DEMO,0.6.0,uncommitted,2026-08-27T17:36:11.287Z,ANON-20260827-122917-000,82,4,10,144,144,6,2,0,G10,4,-10,10,120,120,110,177.267592790388,0.5,0,-0.25,0.433012701892219,-0.17364817766693,0.477094447069336,-0.92364817766693,0.0440817451771163,0,0.866025403784439,-0.75,-0.433012701892219,33,[33 50 100],3,17,83,1,[0 250 0],[0 153 255],[255 0 0],20260806,77.5228057480392,-42.4771942519608,-42.4771942519608,-90,integration hypothesis: center+inner group relative to outer; not an objectively correct answer,0,90,30,120,-150,47.5228057480392,1.56740950001404,1,0.968086600070819,146.170392008498,75.7295622065183,0,1,,0,NONE,0.0166856899997219,0.0166433066672956,0.0175598999485373,0,59.9315940795175,2,preferred-external-screen,1920,1080,1920,1080,598,336,60,36.2419979414704,0,1,0,0,25.1.0.2943329 (R2025a),"3.0.19 - Flavor: Manual Install, 03-Jun-2025 15:56:55",win64
RS-MISSION-20260806-JP-TWO-GROUP-MOTION-DEMO,0.6.0,uncommitted,2026-08-27T17:36:16.180Z,ANON-20260827-122917-000,83,4,11,144,144,6,2,0,G00,1,-0,0,120,120,120,180,0.5,0,-0.25,0.433012701892219,-0.25,0.433012701892219,-1,0,0,0.866025403784439,-0.75,-0.433012701892219,100,[33 50 100],10,50,250,1,[0 250 0],[0 153 255],[255 0 0],20260806,-39.1890602560633,-159.189060256063,-159.189060256063,-90,integration hypothesis: center+inner group relative to outer; not an objectively correct answer,0,NaN,30,120,NaN,-69.1890602560633,1.98441960010678,1,1.26900999993086,182.281199991703,125.461309510909,0,1,,0,NONE,0.0166856899997219,0.0166779974999372,0.0278310999274254,1,59.9315940795175,2,preferred-external-screen,1920,1080,1920,1080,598,336,60,36.2419979414704,0,1,0,0,25.1.0.2943329 (R2025a),"3.0.19 - Flavor: Manual Install, 03-Jun-2025 15:56:55",win64
RS-MISSION-20260806-JP-TWO-GROUP-MOTION-DEMO,0.6.0,uncommitted,2026-08-27T17:36:21.045Z,ANON-20260827-122917-000,84,4,12,144,144,6,2,0,G05,3,-5,5,120,120,115,178.697696962912,0.5,0,-0.25,0.433012701892219,-0.2121162974217,0.4548848677737,-0.9621162974217,0.021872165881481,0,0.866025403784439,-0.75,-0.433012701892219,33,[33 50 100],3,17,83,0,[0 250 0],[255 0 0],[0 153 255],20260806,-110.459216898853,129.540783101147,129.540783101147,-90,integration hypothesis: center+inner group relative to outer; not an objectively correct answer,0,90,30,120,-150,-140.459216898853,1.93575569987297,1,1.05104439985007,156.125327982008,88.3926906375494,0,1,,0,NONE,0.0166856899997219,0.0166441100009251,0.0174705998506397,0,59.9315940795175,2,preferred-external-screen,1920,1080,1920,1080,598,336,60,36.2419979414704,0,1,0,0,25.1.0.2943329 (R2025a),"3.0.19 - Flavor: Manual Install, 03-Jun-2025 15:56:55",win64
RS-MISSION-20260806-JP-TWO-GROUP-MOTION-DEMO,0.6.0,uncommitted,2026-08-27T17:36:25.894Z,ANON-20260827-122917-000,85,4,13,144,144,6,2,0,G00,1,-0,0,120,120,120,180,0.5,0,-0.25,0.433012701892219,-0.25,0.433012701892219,-1,0,0,0.866025403784439,-0.75,-0.433012701892219,33,[33 50 100],3,17,83,0,[0 250 0],[255 0 0],[0 153 255],20260806,-34.6560144763547,-154.656014476355,-154.656014476355,-90,integration hypothesis: center+inner group relative to outer; not an objectively correct answer,0,NaN,30,120,NaN,-64.6560144763547,1.98525539995171,1,1.53502419986762,214.202903984115,177.468413271969,0,1,,0,NONE,0.0166856899997219,0.0166899683342005,0.0176117999944836,0,59.9315940795175,2,preferred-external-screen,1920,1080,1920,1080,598,336,60,36.2419979414704,0,1,0,0,25.1.0.2943329 (R2025a),"3.0.19 - Flavor: Manual Install, 03-Jun-2025 15:56:55",win64
RS-MISSION-20260806-JP-TWO-GROUP-MOTION-DEMO,0.6.0,uncommitted,2026-08-27T17:36:30.799Z,ANON-20260827-122917-000,86,4,14,144,144,6,2,0,G03,2,-3,3,120,120,117,179.231928806588,0.5,0,-0.25,0.433012701892219,-0.227306765892479,0.44611464671298,-0.977306765892479,0.0131019448207603,0,0.866025403784439,-0.75,-0.433012701892219,50,[33 50 100],5,25,125,1,[0 250 0],[0 153 255],[255 0 0],20260806,53.7849743353885,-66.2150256646115,-66.2150256646115,-90,integration hypothesis: center+inner group relative to outer; not an objectively correct answer,0,90,30,120,-150,23.7849743353885,1.95122050005011,1,1.28576830006205,184.292196007445,128.487471751303,0,1,,0,NONE,0.0166856899997219,0.016618387500057,0.0169077999889851,0,59.9315940795175,2,preferred-external-screen,1920,1080,1920,1080,598,336,60,36.2419979414704,0,1,0,0,25.1.0.2943329 (R2025a),"3.0.19 - Flavor: Manual Install, 03-Jun-2025 15:56:55",win64
RS-MISSION-20260806-JP-TWO-GROUP-MOTION-DEMO,0.6.0,uncommitted,2026-08-27T17:36:34.401Z,ANON-20260827-122917-000,87,4,15,144,144,6,2,0,G30,7,-30,30,120,120,90,169.106605350869,0.5,0,-0.25,0.433012701892219,-2.77555756156289e-17,0.577350269189626,-0.75,0.144337567297406,0,0.866025403784439,-0.75,-0.433012701892219,33,[33 50 100],3,17,83,1,[0 250 0],[0 153 255],[255 0 0],20260806,-83.0346990570076,156.965300942992,156.965300942992,-90,integration hypothesis: center+inner group relative to outer; not an objectively correct answer,0,90,30,120,-150,-113.034699057008,0.717414800077677,0,0,0,0,0,1,,0,NONE,0.0166856899997219,0.0166839605036873,0.0169367999769747,0,59.9315940795175,2,preferred-external-screen,1920,1080,1920,1080,598,336,60,36.2419979414704,0,1,0,0,25.1.0.2943329 (R2025a),"3.0.19 - Flavor: Manual Install, 03-Jun-2025 15:56:55",win64
RS-MISSION-20260806-JP-TWO-GROUP-MOTION-DEMO,0.6.0,uncommitted,2026-08-27T17:36:39.055Z,ANON-20260827-122917-000,88,4,16,144,144,6,2,0,G10,4,-10,10,120,120,110,177.267592790388,0.5,0,-0.25,0.433012701892219,-0.17364817766693,0.477094447069336,-0.92364817766693,0.0440817451771163,0,0.866025403784439,-0.75,-0.433012701892219,50,[33 50 100],5,25,125,1,[0 250 0],[0 153 255],[255 0 0],20260806,-118.594468761926,121.405531238074,121.405531238074,-90,integration hypothesis: center+inner group relative to outer; not an objectively correct answer,0,90,30,120,-150,-148.594468761926,1.75246950006112,1,0.800448300084099,126.053796010092,51.7661614822089,0,1,,0,NONE,0.0166856899997219,0.0166120933329997,0.0173973001074046,0,59.9315940795175,2,preferred-external-screen,1920,1080,1920,1080,598,336,60,36.2419979414704,0,1,0,0,25.1.0.2943329 (R2025a),"3.0.19 - Flavor: Manual Install, 03-Jun-2025 15:56:55",win64
RS-MISSION-20260806-JP-TWO-GROUP-MOTION-DEMO,0.6.0,uncommitted,2026-08-27T17:36:42.901Z,ANON-20260827-122917-000,89,4,17,144,144,6,2,0,G15,5,-15,15,120,120,105,175.666427663413,0.5,0,-0.25,0.433012701892219,-0.133974596215561,0.5,-0.883974596215561,0.0669872981077807,0,0.866025403784439,-0.75,-0.433012701892219,33,[33 50 100],3,17,83,1,[0 250 0],[0 153 255],[255 0 0],20260806,-58.6425659888348,-178.642565988835,-178.642565988835,-90,integration hypothesis: center+inner group relative to outer; not an objectively correct answer,0,90,30,120,-150,-88.6425659888348,0.967942300019786,0,0,0,0,0,1,,0,NONE,0.0166856899997219,0.0166384374994474,0.0174624999053776,0,59.9315940795175,2,preferred-external-screen,1920,1080,1920,1080,598,336,60,36.2419979414704,0,1,0,0,25.1.0.2943329 (R2025a),"3.0.19 - Flavor: Manual Install, 03-Jun-2025 15:56:55",win64
RS-MISSION-20260806-JP-TWO-GROUP-MOTION-DEMO,0.6.0,uncommitted,2026-08-27T17:36:48.102Z,ANON-20260827-122917-000,90,4,18,144,144,6,2,0,G30,7,-30,30,120,120,90,169.106605350869,0.5,0,-0.25,0.433012701892219,-2.77555756156289e-17,0.577350269189626,-0.75,0.144337567297406,0,0.866025403784439,-0.75,-0.433012701892219,50,[33 50 100],5,25,125,0,[0 250 0],[255 0 0],[0 153 255],20260806,53.4767474182685,-66.5232525817315,-66.5232525817315,-90,integration hypothesis: center+inner group relative to outer; not an objectively correct answer,0,90,30,120,-150,23.4767474182685,2.33615810004994,1,1.60270869988017,222.32504398562,193.295513080411,0,1,,0,NONE,0.0166856899997219,0.0166891924998102,0.0173225000035018,0,59.9315940795175,2,preferred-external-screen,1920,1080,1920,1080,598,336,60,36.2419979414704,0,1,0,0,25.1.0.2943329 (R2025a),"3.0.19 - Flavor: Manual Install, 03-Jun-2025 15:56:55",win64
RS-MISSION-20260806-JP-TWO-GROUP-MOTION-DEMO,0.6.0,uncommitted,2026-08-27T17:36:52.897Z,ANON-20260827-122917-000,91,4,19,144,144,6,2,0,G00,1,-0,0,120,120,120,180,0.5,0,-0.25,0.433012701892219,-0.25,0.433012701892219,-1,0,0,0.866025403784439,-0.75,-0.433012701892219,50,[33 50 100],5,25,125,0,[0 250 0],[255 0 0],[0 153 255],20260806,-110.361235578117,129.638764421883,129.638764421883,-90,integration hypothesis: center+inner group relative to outer; not an objectively correct answer,0,NaN,30,120,NaN,-140.361235578117,1.90209449990653,1,0.784902299987152,124.188275998458,50.7812137931276,0,1,,0,NONE,0.0166856899997219,0.0166842252106069,0.0170098999515176,0,59.9315940795175,2,preferred-external-screen,1920,1080,1920,1080,598,336,60,36.2419979414704,0,1,0,0,25.1.0.2943329 (R2025a),"3.0.19 - Flavor: Manual Install, 03-Jun-2025 15:56:55",win64
RS-MISSION-20260806-JP-TWO-GROUP-MOTION-DEMO,0.6.0,uncommitted,2026-08-27T17:36:58.037Z,ANON-20260827-122917-000,92,4,20,144,144,6,2,0,G45,8,-45,45,120,120,75,156.206023113003,0.5,0,-0.25,0.433012701892219,0.183012701892219,0.683012701892219,-0.566987298107781,0.25,0,0.866025403784439,-0.75,-0.433012701892219,100,[33 50 100],10,50,250,0,[0 250 0],[255 0 0],[0 153 255],20260806,-81.9775833998891,158.022416600111,158.022416600111,-90,integration hypothesis: center+inner group relative to outer; not an objectively correct answer,0,90,30,120,-150,-111.977583399889,2.25157969980501,1,1.76777829998173,242.133395997807,230.838942869473,0,1,,0,NONE,0.0166856899997219,0.0166672358328166,0.0169593000318855,0,59.9315940795175,2,preferred-external-screen,1920,1080,1920,1080,598,336,60,36.2419979414704,0,1,0,0,25.1.0.2943329 (R2025a),"3.0.19 - Flavor: Manual Install, 03-Jun-2025 15:56:55",win64
RS-MISSION-20260806-JP-TWO-GROUP-MOTION-DEMO,0.6.0,uncommitted,2026-08-27T17:37:04.105Z,ANON-20260827-122917-000,93,4,21,144,144,6,2,0,G10,4,-10,10,120,120,110,177.267592790388,0.5,0,-0.25,0.433012701892219,-0.17364817766693,0.477094447069336,-0.92364817766693,0.0440817451771163,0,0.866025403784439,-0.75,-0.433012701892219,100,[33 50 100],10,50,250,0,[0 250 0],[255 0 0],[0 153 255],20260806,-137.349763747319,102.650236252681,102.650236252681,-90,integration hypothesis: center+inner group relative to outer; not an objectively correct answer,0,90,30,120,-150,-167.349763747319,3.16983929998241,1,1.5521480999887,216.257771998644,181.203367476097,0,1,,0,NONE,0.0166856899997219,0.0166700075011856,0.017247999785468,0,59.9315940795175,2,preferred-external-screen,1920,1080,1920,1080,598,336,60,36.2419979414704,0,1,0,0,25.1.0.2943329 (R2025a),"3.0.19 - Flavor: Manual Install, 03-Jun-2025 15:56:55",win64
RS-MISSION-20260806-JP-TWO-GROUP-MOTION-DEMO,0.6.0,uncommitted,2026-08-27T17:37:08.939Z,ANON-20260827-122917-000,94,4,22,144,144,6,2,0,G20,6,-20,20,120,120,100,173.83502233193,0.5,0,-0.25,0.433012701892219,-0.0923962654520477,0.52400526045877,-0.842396265452048,0.0909925585665506,0,0.866025403784439,-0.75,-0.433012701892219,50,[33 50 100],5,25,125,0,[0 250 0],[255 0 0],[0 153 255],20260806,-87.1254052146421,152.874594785358,152.874594785358,-90,integration hypothesis: center+inner group relative to outer; not an objectively correct answer,0,90,30,120,-150,-117.125405214642,1.93579439981841,1,1.43486679997295,202.184015996754,157.458425956329,0,1,,0,NONE,0.0166856899997219,0.0166901158324132,0.0176591998897493,0,59.9315940795175,2,preferred-external-screen,1920,1080,1920,1080,598,336,60,36.2419979414704,0,1,0,0,25.1.0.2943329 (R2025a),"3.0.19 - Flavor: Manual Install, 03-Jun-2025 15:56:55",win64
RS-MISSION-20260806-JP-TWO-GROUP-MOTION-DEMO,0.6.0,uncommitted,2026-08-27T17:37:13.720Z,ANON-20260827-122917-000,95,4,23,144,144,6,2,0,G20,6,-20,20,120,120,100,173.83502233193,0.5,0,-0.25,0.433012701892219,-0.0923962654520477,0.52400526045877,-0.842396265452048,0.0909925585665506,0,0.866025403784439,-0.75,-0.433012701892219,33,[33 50 100],3,17,83,0,[0 250 0],[255 0 0],[0 153 255],20260806,-57.0915281667244,-177.091528166724,-177.091528166724,-90,integration hypothesis: center+inner group relative to outer; not an objectively correct answer,0,90,30,120,-150,-87.0915281667244,1.85226329998113,2,0.8666844998952,134.002139987424,80.469802101966,0,1,,0,NONE,0.0166856899997219,0.0166836386554319,0.0174598998855799,0,59.9315940795175,2,preferred-external-screen,1920,1080,1920,1080,598,336,60,36.2419979414704,0,1,0,0,25.1.0.2943329 (R2025a),"3.0.19 - Flavor: Manual Install, 03-Jun-2025 15:56:55",win64
RS-MISSION-20260806-JP-TWO-GROUP-MOTION-DEMO,0.6.0,uncommitted,2026-08-27T17:37:18.296Z,ANON-20260827-122917-000,96,4,24,144,144,6,2,0,G03,2,-3,3,120,120,117,179.231928806588,0.5,0,-0.25,0.433012701892219,-0.227306765892479,0.44611464671298,-0.977306765892479,0.0131019448207603,0,0.866025403784439,-0.75,-0.433012701892219,100,[33 50 100],10,50,250,0,[0 250 0],[255 0 0],[0 153 255],20260806,-37.6807935402425,-157.680793540243,-157.680793540243,-90,integration hypothesis: center+inner group relative to outer; not an objectively correct answer,0,90,30,120,-150,-67.6807935402425,1.66756470012479,2,0.533075000159442,93.9690000191331,31.0262849317953,0,1,,0,NONE,0.0166856899997219,0.0166603666652615,0.0169257000088692,0,59.9315940795175,2,preferred-external-screen,1920,1080,1920,1080,598,336,60,36.2419979414704,0,1,0,0,25.1.0.2943329 (R2025a),"3.0.19 - Flavor: Manual Install, 03-Jun-2025 15:56:55",win64
RS-MISSION-20260806-JP-TWO-GROUP-MOTION-DEMO,0.6.0,uncommitted,2026-08-27T17:37:22.910Z,ANON-20260827-122917-000,97,5,1,144,144,6,2,0,G10,4,-10,10,240,-120,-130,-62.7324072096124,0.5,0,-0.25,-0.433012701892219,-0.32635182233307,-0.388930956715103,0.42364817766693,-0.821943658607322,0,0.866025403784439,0.75,-0.433012701892219,33,[33 50 100],3,17,83,0,[0 250 0],[255 0 0],[0 153 255],20260806,71.8179158728839,-168.182084127116,-168.182084127116,-90,integration hypothesis: center+inner group relative to outer; not an objectively correct answer,0,90,150,-120,-30,-78.1820841271161,1.7522332998924,1,0.933484700042754,142.018164005131,69.7574316511111,0,1,,0,NONE,0.0166856899997219,0.0166147716673246,0.0173424000386149,0,59.9315940795175,2,preferred-external-screen,1920,1080,1920,1080,598,336,60,36.2419979414704,0,1,0,0,25.1.0.2943329 (R2025a),"3.0.19 - Flavor: Manual Install, 03-Jun-2025 15:56:55",win64
RS-MISSION-20260806-JP-TWO-GROUP-MOTION-DEMO,0.6.0,uncommitted,2026-08-27T17:37:27.273Z,ANON-20260827-122917-000,98,5,2,144,144,6,2,0,G03,2,-3,3,240,-120,-123,-60.7680711934123,0.5,0,-0.25,-0.433012701892219,-0.272693234107521,-0.419910757071459,0.477306765892479,-0.852923458963678,0,0.866025403784439,0.75,-0.433012701892219,33,[33 50 100],3,17,83,1,[0 250 0],[0 153 255],[255 0 0],20260806,-4.78322377159853,115.216776228401,115.216776228401,-90,integration hypothesis: center+inner group relative to outer; not an objectively correct answer,0,90,150,-120,-30,-154.783223771599,1.45060610002838,1,0.600656399969012,102.078767996281,29.6824427559842,0,1,,0,NONE,0.0166856899997219,0.0166854133344411,0.0168832999188453,0,59.9315940795175,2,preferred-external-screen,1920,1080,1920,1080,598,336,60,36.2419979414704,0,1,0,0,25.1.0.2943329 (R2025a),"3.0.19 - Flavor: Manual Install, 03-Jun-2025 15:56:55",win64
RS-MISSION-20260806-JP-TWO-GROUP-MOTION-DEMO,0.6.0,uncommitted,2026-08-27T17:37:32.711Z,ANON-20260827-122917-000,99,5,3,144,144,6,2,0,G05,3,-5,5,240,-120,-125,-61.3023030370879,0.5,0,-0.25,-0.433012701892219,-0.2878837025783,-0.411140536010738,0.4621162974217,-0.844153237902958,0,0.866025403784439,0.75,-0.433012701892219,33,[33 50 100],3,17,83,1,[0 250 0],[0 153 255],[255 0 0],20260806,-96.8797238065005,23.1202761934995,23.1202761934995,-90,integration hypothesis: center+inner group relative to outer; not an objectively correct answer,0,90,150,-120,-30,113.120276193499,2.5859538000077,1,1.36791649996303,194.149979995564,144.106256849821,0,1,,0,NONE,0.0166856899997219,0.0166839899146976,0.0169426999054849,0,59.9315940795175,2,preferred-external-screen,1920,1080,1920,1080,598,336,60,36.2419979414704,0,1,0,0,25.1.0.2943329 (R2025a),"3.0.19 - Flavor: Manual Install, 03-Jun-2025 15:56:55",win64
RS-MISSION-20260806-JP-TWO-GROUP-MOTION-DEMO,0.6.0,uncommitted,2026-08-27T17:37:36.721Z,ANON-20260827-122917-000,100,5,4,144,144,6,2,0,G03,2,-3,3,240,-120,-123,-60.7680711934123,0.5,0,-0.25,-0.433012701892219,-0.272693234107521,-0.419910757071459,0.477306765892479,-0.852923458963678,0,0.866025403784439,0.75,-0.433012701892219,100,[33 50 100],10,50,250,0,[0 250 0],[255 0 0],[0 153 255],20260806,58.7273691667458,178.727369166746,178.727369166746,-90,integration hypothesis: center+inner group relative to outer; not an objectively correct answer,0,90,150,-120,-30,-91.2726308332542,1.08368590008467,1,0.499337600078434,89.9205120094121,19.0030748473428,0,1,,0,NONE,0.0166856899997219,0.016610084999896,0.0176156000234187,0,59.9315940795175,2,preferred-external-screen,1920,1080,1920,1080,598,336,60,36.2419979414704,0,1,0,0,25.1.0.2943329 (R2025a),"3.0.19 - Flavor: Manual Install, 03-Jun-2025 15:56:55",win64
RS-MISSION-20260806-JP-TWO-GROUP-MOTION-DEMO,0.6.0,uncommitted,2026-08-27T17:37:41.662Z,ANON-20260827-122917-000,101,5,5,144,144,6,2,0,G30,7,-30,30,240,-120,-150,-70.8933946491309,0.5,0,-0.25,-0.433012701892219,-0.5,-0.288675134594813,0.25,-0.721687836487032,0,0.866025403784439,0.75,-0.433012701892219,33,[33 50 100],3,17,83,1,[0 250 0],[0 153 255],[255 0 0],20260806,147.244518020103,-92.7554819798971,-92.7554819798971,-90,integration hypothesis: center+inner group relative to outer; not an objectively correct answer,0,90,150,-120,-30,-2.75548197989713,2.01904229982756,1,1.45128090004437,204.153708005324,159.867888890995,0,1,,0,NONE,0.0166856899997219,0.0166908666666131,0.0174934000242501,0,59.9315940795175,2,preferred-external-screen,1920,1080,1920,1080,598,336,60,36.2419979414704,0,1,0,0,25.1.0.2943329 (R2025a),"3.0.19 - Flavor: Manual Install, 03-Jun-2025 15:56:55",win64
RS-MISSION-20260806-JP-TWO-GROUP-MOTION-DEMO,0.6.0,uncommitted,2026-08-27T17:37:46.411Z,ANON-20260827-122917-000,102,5,6,144,144,6,2,0,G30,7,-30,30,240,-120,-150,-70.8933946491309,0.5,0,-0.25,-0.433012701892219,-0.5,-0.288675134594813,0.25,-0.721687836487032,0,0.866025403784439,0.75,-0.433012701892219,100,[33 50 100],10,50,250,1,[0 250 0],[0 153 255],[255 0 0],20260806,-59.2480162999825,60.7519837000175,60.7519837000175,-90,integration hypothesis: center+inner group relative to outer; not an objectively correct answer,0,90,150,-120,-30,150.751983700018,1.85178860020824,1,1.30141849978827,186.170219974592,131.412070291584,0,1,,0,NONE,0.0166856899997219,0.0166912741668057,0.0175558000337332,0,59.9315940795175,2,preferred-external-screen,1920,1080,1920,1080,598,336,60,36.2419979414704,0,1,0,0,25.1.0.2943329 (R2025a),"3.0.19 - Flavor: Manual Install, 03-Jun-2025 15:56:55",win64
RS-MISSION-20260806-JP-TWO-GROUP-MOTION-DEMO,0.6.0,uncommitted,2026-08-27T17:37:51.270Z,ANON-20260827-122917-000,103,5,7,144,144,6,2,0,G05,3,-5,5,240,-120,-125,-61.3023030370879,0.5,0,-0.25,-0.433012701892219,-0.2878837025783,-0.411140536010738,0.4621162974217,-0.844153237902958,0,0.866025403784439,0.75,-0.433012701892219,100,[33 50 100],10,50,250,0,[0 250 0],[255 0 0],[0 153 255],20260806,106.993061760965,-133.006938239035,-133.006938239035,-90,integration hypothesis: center+inner group relative to outer; not an objectively correct answer,0,90,150,-120,-30,-43.0069382390349,1.98593600001186,1,1.33451290009543,190.141548011452,137.72665029082,0,1,,0,NONE,0.0166856899997219,0.0166841999983744,0.0170272001996636,0,59.9315940795175,2,preferred-external-screen,1920,1080,1920,1080,598,336,60,36.2419979414704,0,1,0,0,25.1.0.2943329 (R2025a),"3.0.19 - Flavor: Manual Install, 03-Jun-2025 15:56:55",win64
RS-MISSION-20260806-JP-TWO-GROUP-MOTION-DEMO,0.6.0,uncommitted,2026-08-27T17:37:56.130Z,ANON-20260827-122917-000,104,5,8,144,144,6,2,0,G45,8,-45,45,240,-120,-165,-83.7939768869969,0.5,0,-0.25,-0.433012701892219,-0.683012701892219,-0.183012701892219,0.0669872981077806,-0.616025403784439,0,0.866025403784439,0.75,-0.433012701892219,33,[33 50 100],3,17,83,0,[0 250 0],[255 0 0],[0 153 255],20260806,102.381973249923,-137.618026750077,-137.618026750077,-90,integration hypothesis: center+inner group relative to outer; not an objectively correct answer,0,90,150,-120,-30,-47.6180267500774,1.95208940003067,1,1.13330210000277,165.996252000332,100.706496467526,0,1,,0,NONE,0.0166856899997219,0.0166908241672597,0.0175216998904943,0,59.9315940795175,2,preferred-external-screen,1920,1080,1920,1080,598,336,60,36.2419979414704,0,1,0,0,25.1.0.2943329 (R2025a),"3.0.19 - Flavor: Manual Install, 03-Jun-2025 15:56:55",win64
RS-MISSION-20260806-JP-TWO-GROUP-MOTION-DEMO,0.6.0,uncommitted,2026-08-27T17:38:00.518Z,ANON-20260827-122917-000,105,5,9,144,144,6,2,0,G45,8,-45,45,240,-120,-165,-83.7939768869969,0.5,0,-0.25,-0.433012701892219,-0.683012701892219,-0.183012701892219,0.0669872981077806,-0.616025403784439,0,0.866025403784439,0.75,-0.433012701892219,100,[33 50 100],10,50,250,1,[0 250 0],[0 153 255],[255 0 0],20260806,45.4728797617549,165.472879761755,165.472879761755,-90,integration hypothesis: center+inner group relative to outer; not an objectively correct answer,0,90,150,-120,-30,-104.527120238245,1.50073299999349,1,1.00178429996595,150.214115995914,80.7144405570806,0,1,,0,NONE,0.0166856899997219,0.0166630216660754,0.0169424000196159,0,59.9315940795175,2,preferred-external-screen,1920,1080,1920,1080,598,336,60,36.2419979414704,0,1,0,0,25.1.0.2943329 (R2025a),"3.0.19 - Flavor: Manual Install, 03-Jun-2025 15:56:55",win64
RS-MISSION-20260806-JP-TWO-GROUP-MOTION-DEMO,0.6.0,uncommitted,2026-08-27T17:38:05.490Z,ANON-20260827-122917-000,106,5,10,144,144,6,2,0,G10,4,-10,10,240,-120,-130,-62.7324072096124,0.5,0,-0.25,-0.433012701892219,-0.32635182233307,-0.388930956715103,0.42364817766693,-0.821943658607322,0,0.866025403784439,0.75,-0.433012701892219,100,[33 50 100],10,50,250,1,[0 250 0],[0 153 255],[255 0 0],20260806,105.334834236403,-134.665165763597,-134.665165763597,-90,integration hypothesis: center+inner group relative to outer; not an objectively correct answer,0,90,150,-120,-30,-44.6651657635971,2.00265299994498,1,1.30029179994017,186.03501599282,130.306318196839,0,1,,0,NONE,0.0166856899997219,0.0166421375004575,0.0175571998115629,0,59.9315940795175,2,preferred-external-screen,1920,1080,1920,1080,598,336,60,36.2419979414704,0,1,0,0,25.1.0.2943329 (R2025a),"3.0.19 - Flavor: Manual Install, 03-Jun-2025 15:56:55",win64
RS-MISSION-20260806-JP-TWO-GROUP-MOTION-DEMO,0.6.0,uncommitted,2026-08-27T17:38:10.032Z,ANON-20260827-122917-000,107,5,11,144,144,6,2,0,G00,1,-0,0,240,-120,-120,-60,0.5,0,-0.25,-0.433012701892219,-0.25,-0.433012701892219,0.5,-0.866025403784439,0,0.866025403784439,0.75,-0.433012701892219,50,[33 50 100],5,25,125,1,[0 250 0],[0 153 255],[255 0 0],20260806,42.0176784195405,162.017678419541,162.017678419541,-90,integration hypothesis: center+inner group relative to outer; not an objectively correct answer,0,NaN,150,-120,NaN,-107.982321580459,1.66772040002979,2,0.735303699970245,118.236443996429,46.8328976313281,0,1,,0,NONE,0.0166856899997219,0.0166467316662117,0.0174791000317782,0,59.9315940795175,2,preferred-external-screen,1920,1080,1920,1080,598,336,60,36.2419979414704,0,1,0,0,25.1.0.2943329 (R2025a),"3.0.19 - Flavor: Manual Install, 03-Jun-2025 15:56:55",win64
RS-MISSION-20260806-JP-TWO-GROUP-MOTION-DEMO,0.6.0,uncommitted,2026-08-27T17:38:14.795Z,ANON-20260827-122917-000,108,5,12,144,144,6,2,0,G45,8,-45,45,240,-120,-165,-83.7939768869969,0.5,0,-0.25,-0.433012701892219,-0.683012701892219,-0.183012701892219,0.0669872981077806,-0.616025403784439,0,0.866025403784439,0.75,-0.433012701892219,50,[33 50 100],5,25,125,1,[0 250 0],[0 153 255],[255 0 0],20260806,81.0355888495774,-158.964411150423,-158.964411150423,-90,integration hypothesis: center+inner group relative to outer; not an objectively correct answer,0,90,150,-120,-30,-68.9644111504226,1.88551399996504,1,1.10031050001271,162.037260001525,95.2804547837644,0,1,,0,NONE,0.0166856899997219,0.0166835487397591,0.0169490999542177,0,59.9315940795175,2,preferred-external-screen,1920,1080,1920,1080,598,336,60,36.2419979414704,0,1,0,0,25.1.0.2943329 (R2025a),"3.0.19 - Flavor: Manual Install, 03-Jun-2025 15:56:55",win64
RS-MISSION-20260806-JP-TWO-GROUP-MOTION-DEMO,0.6.0,uncommitted,2026-08-27T17:38:19.910Z,ANON-20260827-122917-000,109,5,13,144,144,6,2,0,G00,1,-0,0,240,-120,-120,-60,0.5,0,-0.25,-0.433012701892219,-0.25,-0.433012701892219,0.5,-0.866025403784439,0,0.866025403784439,0.75,-0.433012701892219,33,[33 50 100],3,17,83,1,[0 250 0],[0 153 255],[255 0 0],20260806,-99.6832164565168,20.3167835434832,20.3167835434832,-90,integration hypothesis: center+inner group relative to outer; not an objectively correct answer,0,NaN,150,-120,NaN,110.316783543483,2.18579579982907,1,1.55201730015688,216.242076018825,182.106789291668,0,1,,0,NONE,0.0166856899997219,0.0166857299996385,0.0174670999404043,0,59.9315940795175,2,preferred-external-screen,1920,1080,1920,1080,598,336,60,36.2419979414704,0,1,0,0,25.1.0.2943329 (R2025a),"3.0.19 - Flavor: Manual Install, 03-Jun-2025 15:56:55",win64
RS-MISSION-20260806-JP-TWO-GROUP-MOTION-DEMO,0.6.0,uncommitted,2026-08-27T17:38:24.274Z,ANON-20260827-122917-000,110,5,14,144,144,6,2,0,G15,5,-15,15,240,-120,-135,-64.3335723365867,0.5,0,-0.25,-0.433012701892219,-0.366025403784439,-0.366025403784439,0.383974596215561,-0.799038105676658,0,0.866025403784439,0.75,-0.433012701892219,33,[33 50 100],3,17,83,0,[0 250 0],[255 0 0],[0 153 255],20260806,-4.35196726284539,115.648032737155,115.648032737155,-90,integration hypothesis: center+inner group relative to outer; not an objectively correct answer,0,90,150,-120,-30,-154.351967262845,1.41804379993118,1,0.949629300041124,143.955516004935,72.0733668637379,0,1,,0,NONE,0.0166856899997219,0.0166838764713905,0.0168888999614865,0,59.9315940795175,2,preferred-external-screen,1920,1080,1920,1080,598,336,60,36.2419979414704,0,1,0,0,25.1.0.2943329 (R2025a),"3.0.19 - Flavor: Manual Install, 03-Jun-2025 15:56:55",win64
RS-MISSION-20260806-JP-TWO-GROUP-MOTION-DEMO,0.6.0,uncommitted,2026-08-27T17:38:29.914Z,ANON-20260827-122917-000,111,5,15,144,144,6,2,0,G10,4,-10,10,240,-120,-130,-62.7324072096124,0.5,0,-0.25,-0.433012701892219,-0.32635182233307,-0.388930956715103,0.42364817766693,-0.821943658607322,0,0.866025403784439,0.75,-0.433012701892219,50,[33 50 100],5,25,125,0,[0 250 0],[255 0 0],[0 153 255],20260806,-28.2478257853087,91.7521742146913,91.7521742146913,-90,integration hypothesis: center+inner group relative to outer; not an objectively correct answer,0,90,150,-120,-30,-178.247825785309,2.70209469995461,1,1.90276150009595,258.331380011514,265.641167001314,0,1,,0,NONE,0.0166856899997219,0.0166632358334027,0.0169270001351833,0,59.9315940795175,2,preferred-external-screen,1920,1080,1920,1080,598,336,60,36.2419979414704,0,1,0,0,25.1.0.2943329 (R2025a),"3.0.19 - Flavor: Manual Install, 03-Jun-2025 15:56:55",win64
RS-MISSION-20260806-JP-TWO-GROUP-MOTION-DEMO,0.6.0,uncommitted,2026-08-27T17:38:34.143Z,ANON-20260827-122917-000,112,5,16,144,144,6,2,0,G15,5,-15,15,240,-120,-135,-64.3335723365867,0.5,0,-0.25,-0.433012701892219,-0.366025403784439,-0.366025403784439,0.383974596215561,-0.799038105676658,0,0.866025403784439,0.75,-0.433012701892219,50,[33 50 100],5,25,125,0,[0 250 0],[255 0 0],[0 153 255],20260806,-120.203456905508,-0.20345690550792,-0.20345690550792,-90,integration hypothesis: center+inner group relative to outer; not an objectively correct answer,0,90,150,-120,-30,89.7965430944921,1.31795460009016,1,0.717261699959636,116.071403995156,41.657302737784,0,1,,0,NONE,0.0166856899997219,0.0166415500008346,0.0175977000035346,0,59.9315940795175,2,preferred-external-screen,1920,1080,1920,1080,598,336,60,36.2419979414704,0,1,0,0,25.1.0.2943329 (R2025a),"3.0.19 - Flavor: Manual Install, 03-Jun-2025 15:56:55",win64
RS-MISSION-20260806-JP-TWO-GROUP-MOTION-DEMO,0.6.0,uncommitted,2026-08-27T17:38:39.090Z,ANON-20260827-122917-000,113,5,17,144,144,6,2,0,G15,5,-15,15,240,-120,-135,-64.3335723365867,0.5,0,-0.25,-0.433012701892219,-0.366025403784439,-0.366025403784439,0.383974596215561,-0.799038105676658,0,0.866025403784439,0.75,-0.433012701892219,100,[33 50 100],10,50,250,1,[0 250 0],[0 153 255],[255 0 0],20260806,66.5521099224164,-173.447890077584,-173.447890077584,-90,integration hypothesis: center+inner group relative to outer; not an objectively correct answer,0,90,150,-120,-30,-83.4478900775836,2.01845899992622,1,1.45019579981454,204.023495977744,159.699661731437,0,1,,0,NONE,0.0166856899997219,0.0166856546224948,0.0169597000349313,0,59.9315940795175,2,preferred-external-screen,1920,1080,1920,1080,598,336,60,36.2419979414704,0,1,0,0,25.1.0.2943329 (R2025a),"3.0.19 - Flavor: Manual Install, 03-Jun-2025 15:56:55",win64
RS-MISSION-20260806-JP-TWO-GROUP-MOTION-DEMO,0.6.0,uncommitted,2026-08-27T17:38:43.922Z,ANON-20260827-122917-000,114,5,18,144,144,6,2,0,G20,6,-20,20,240,-120,-140,-66.16497766807,0.5,0,-0.25,-0.433012701892219,-0.407603734547952,-0.342020143325669,0.342396265452048,-0.775032845217888,0,0.866025403784439,0.75,-0.433012701892219,100,[33 50 100],10,50,250,0,[0 250 0],[255 0 0],[0 153 255],20260806,61.7721786923697,-178.22782130763,-178.22782130763,-90,integration hypothesis: center+inner group relative to outer; not an objectively correct answer,0,90,150,-120,-30,-88.2278213076303,1.90204910002649,1,1.33449599985033,190.13951998204,137.756823831812,0,1,,0,NONE,0.0166856899997219,0.0166399883339182,0.0176052998285741,0,59.9315940795175,2,preferred-external-screen,1920,1080,1920,1080,598,336,60,36.2419979414704,0,1,0,0,25.1.0.2943329 (R2025a),"3.0.19 - Flavor: Manual Install, 03-Jun-2025 15:56:55",win64
RS-MISSION-20260806-JP-TWO-GROUP-MOTION-DEMO,0.6.0,uncommitted,2026-08-27T17:38:49.091Z,ANON-20260827-122917-000,115,5,19,144,144,6,2,0,G03,2,-3,3,240,-120,-123,-60.7680711934123,0.5,0,-0.25,-0.433012701892219,-0.272693234107521,-0.419910757071459,0.477306765892479,-0.852923458963678,0,0.866025403784439,0.75,-0.433012701892219,50,[33 50 100],5,25,125,0,[0 250 0],[255 0 0],[0 153 255],20260806,95.3446760511513,-144.655323948849,-144.655323948849,-90,integration hypothesis: center+inner group relative to outer; not an objectively correct answer,0,90,150,-120,-30,-54.6553239488487,2.20218059979379,1,1.55043529998511,216.052235998213,181.801916214679,0,1,,0,NONE,0.0166856899997219,0.0166901733318809,0.017453899839893,0,59.9315940795175,2,preferred-external-screen,1920,1080,1920,1080,598,336,60,36.2419979414704,0,1,0,0,25.1.0.2943329 (R2025a),"3.0.19 - Flavor: Manual Install, 03-Jun-2025 15:56:55",win64
RS-MISSION-20260806-JP-TWO-GROUP-MOTION-DEMO,0.6.0,uncommitted,2026-08-27T17:38:54.314Z,ANON-20260827-122917-000,116,5,20,144,144,6,2,0,G20,6,-20,20,240,-120,-140,-66.16497766807,0.5,0,-0.25,-0.433012701892219,-0.407603734547952,-0.342020143325669,0.342396265452048,-0.775032845217888,0,0.866025403784439,0.75,-0.433012701892219,33,[33 50 100],3,17,83,0,[0 250 0],[255 0 0],[0 153 255],20260806,-173.594037905161,-53.5940379051609,-53.5940379051609,-90,integration hypothesis: center+inner group relative to outer; not an objectively correct answer,0,90,150,-120,-30,36.4059620948391,2.28616710007191,2,1.18453649990261,172.144379988313,140.165843044627,0,1,,0,NONE,0.0166856899997219,0.0166837327737956,0.0169367999769747,0,59.9315940795175,2,preferred-external-screen,1920,1080,1920,1080,598,336,60,36.2419979414704,0,1,0,0,25.1.0.2943329 (R2025a),"3.0.19 - Flavor: Manual Install, 03-Jun-2025 15:56:55",win64
RS-MISSION-20260806-JP-TWO-GROUP-MOTION-DEMO,0.6.0,uncommitted,2026-08-27T17:38:59.473Z,ANON-20260827-122917-000,117,5,21,144,144,6,2,0,G05,3,-5,5,240,-120,-125,-61.3023030370879,0.5,0,-0.25,-0.433012701892219,-0.2878837025783,-0.411140536010738,0.4621162974217,-0.844153237902958,0,0.866025403784439,0.75,-0.433012701892219,50,[33 50 100],5,25,125,1,[0 250 0],[0 153 255],[255 0 0],20260806,13.1368489867062,133.136848986706,133.136848986706,-90,integration hypothesis: center+inner group relative to outer; not an objectively correct answer,0,90,150,-120,-30,-136.863151013294,2.25280259991996,2,0.933996099978685,142.079531997442,85.4453803202668,0,1,,0,NONE,0.0166856899997219,0.0166822117635933,0.0175572000443935,0,59.9315940795175,2,preferred-external-screen,1920,1080,1920,1080,598,336,60,36.2419979414704,0,1,0,0,25.1.0.2943329 (R2025a),"3.0.19 - Flavor: Manual Install, 03-Jun-2025 15:56:55",win64
RS-MISSION-20260806-JP-TWO-GROUP-MOTION-DEMO,0.6.0,uncommitted,2026-08-27T17:39:04.634Z,ANON-20260827-122917-000,118,5,22,144,144,6,2,0,G20,6,-20,20,240,-120,-140,-66.16497766807,0.5,0,-0.25,-0.433012701892219,-0.407603734547952,-0.342020143325669,0.342396265452048,-0.775032845217888,0,0.866025403784439,0.75,-0.433012701892219,50,[33 50 100],5,25,125,1,[0 250 0],[0 153 255],[255 0 0],20260806,66.8109415968474,-173.189058403153,-173.189058403153,-90,integration hypothesis: center+inner group relative to outer; not an objectively correct answer,0,90,150,-120,-30,-83.1890584031526,2.23546340013854,2,0.967800499871373,146.136059984565,102.700634710495,0,1,,0,NONE,0.0166856899997219,0.0166552183334716,0.0174883001018316,0,59.9315940795175,2,preferred-external-screen,1920,1080,1920,1080,598,336,60,36.2419979414704,0,1,0,0,25.1.0.2943329 (R2025a),"3.0.19 - Flavor: Manual Install, 03-Jun-2025 15:56:55",win64
RS-MISSION-20260806-JP-TWO-GROUP-MOTION-DEMO,0.6.0,uncommitted,2026-08-27T17:39:09.533Z,ANON-20260827-122917-000,119,5,23,144,144,6,2,0,G00,1,-0,0,240,-120,-120,-60,0.5,0,-0.25,-0.433012701892219,-0.25,-0.433012701892219,0.5,-0.866025403784439,0,0.866025403784439,0.75,-0.433012701892219,100,[33 50 100],10,50,250,1,[0 250 0],[0 153 255],[255 0 0],20260806,48.1814871156237,168.181487115624,168.181487115624,-90,integration hypothesis: center+inner group relative to outer; not an objectively correct answer,0,NaN,150,-120,NaN,-101.818512884376,2.03582450002432,1,1.66833070013672,230.199684016407,208.17057614297,0,1,,0,NONE,0.0166856899997219,0.0166337625007145,0.0175520998891443,0,59.9315940795175,2,preferred-external-screen,1920,1080,1920,1080,598,336,60,36.2419979414704,0,1,0,0,25.1.0.2943329 (R2025a),"3.0.19 - Flavor: Manual Install, 03-Jun-2025 15:56:55",win64
RS-MISSION-20260806-JP-TWO-GROUP-MOTION-DEMO,0.6.0,uncommitted,2026-08-27T17:39:13.972Z,ANON-20260827-122917-000,120,5,24,144,144,6,2,0,G30,7,-30,30,240,-120,-150,-70.8933946491309,0.5,0,-0.25,-0.433012701892219,-0.5,-0.288675134594813,0.25,-0.721687836487032,0,0.866025403784439,0.75,-0.433012701892219,50,[33 50 100],5,25,125,1,[0 250 0],[0 153 255],[255 0 0],20260806,-83.1547212073817,36.8452787926183,36.8452787926183,-90,integration hypothesis: center+inner group relative to outer; not an objectively correct answer,0,90,150,-120,-30,126.845278792618,1.55081219994463,1,0.734195300145075,118.103436017409,43.6519814278474,0,1,,0,NONE,0.0166856899997219,0.016689899166037,0.0174328000284731,0,59.9315940795175,2,preferred-external-screen,1920,1080,1920,1080,598,336,60,36.2419979414704,0,1,0,0,25.1.0.2943329 (R2025a),"3.0.19 - Flavor: Manual Install, 03-Jun-2025 15:56:55",win64
RS-MISSION-20260806-JP-TWO-GROUP-MOTION-DEMO,0.6.0,uncommitted,2026-08-27T17:39:18.851Z,ANON-20260827-122917-000,121,6,1,144,144,6,2,0,G10,4,-10,10,0,0,-10,57.2675927903877,0.5,0,0.5,0,0.5,-0.0881634903542325,0.5,0.777861913430206,0,0.866025403784439,0,0.866025403784439,100,[33 50 100],10,50,250,0,[0 250 0],[255 0 0],[0 153 255],20260806,63.9631166985674,63.9631166985674,63.9631166985674,-90,integration hypothesis: center+inner group relative to outer; not an objectively correct answer,0,90,-90,0,90,153.963116698567,1.96880179992877,1,1.53468729997985,214.162475997582,178.378848872614,0,1,,0,NONE,0.0166856899997219,0.016691384165703,0.0175131000578403,0,59.9315940795175,2,preferred-external-screen,1920,1080,1920,1080,598,336,60,36.2419979414704,0,1,0,0,25.1.0.2943329 (R2025a),"3.0.19 - Flavor: Manual Install, 03-Jun-2025 15:56:55",win64
RS-MISSION-20260806-JP-TWO-GROUP-MOTION-DEMO,0.6.0,uncommitted,2026-08-27T17:39:22.764Z,ANON-20260827-122917-000,122,6,2,144,144,6,2,0,G15,5,-15,15,0,0,-15,55.6664276634133,0.5,0,0.5,0,0.5,-0.133974596215561,0.5,0.732050807568877,0,0.866025403784439,0,0.866025403784439,33,[33 50 100],3,17,83,1,[0 250 0],[0 153 255],[255 0 0],20260806,-46.7171415357261,-46.7171415357261,-46.7171415357261,-90,integration hypothesis: center+inner group relative to outer; not an objectively correct answer,0,90,-90,0,90,43.2828584642739,1.03432109998539,1,0.467048699967563,86.0458439961076,17.0104587507996,0,1,,0,NONE,0.0166856899997219,0.0166131099996467,0.0168699000496417,0,59.9315940795175,2,preferred-external-screen,1920,1080,1920,1080,598,336,60,36.2419979414704,0,1,0,0,25.1.0.2943329 (R2025a),"3.0.19 - Flavor: Manual Install, 03-Jun-2025 15:56:55",win64
RS-MISSION-20260806-JP-TWO-GROUP-MOTION-DEMO,0.6.0,uncommitted,2026-08-27T17:39:27.491Z,ANON-20260827-122917-000,123,6,3,144,144,6,2,0,G00,1,-0,0,0,0,0,60,0.5,0,0.5,0,0.5,0,0.5,0.866025403784439,0,0.866025403784439,0,0.866025403784439,50,[33 50 100],5,25,125,0,[0 250 0],[255 0 0],[0 153 255],20260806,2.67346764451128,2.67346764451128,2.67346764451128,-90,integration hypothesis: center+inner group relative to outer; not an objectively correct answer,0,NaN,-90,0,NaN,92.6734676445113,1.85236979997717,1,1.20116070006043,174.139284007251,113.344926361646,0,1,,0,NONE,0.0166856899997219,0.0166788575006649,0.0169807998463511,0,59.9315940795175,2,preferred-external-screen,1920,1080,1920,1080,598,336,60,36.2419979414704,0,1,0,0,25.1.0.2943329 (R2025a),"3.0.19 - Flavor: Manual Install, 03-Jun-2025 15:56:55",win64
RS-MISSION-20260806-JP-TWO-GROUP-MOTION-DEMO,0.6.0,uncommitted,2026-08-27T17:39:31.584Z,ANON-20260827-122917-000,124,6,4,144,144,6,2,0,G30,7,-30,30,0,0,-30,49.1066053508691,0.5,0,0.5,0,0.5,-0.288675134594813,0.5,0.577350269189626,0,0.866025403784439,0,0.866025403784439,100,[33 50 100],10,50,250,1,[0 250 0],[0 153 255],[255 0 0],20260806,-160.939221734788,-160.939221734788,-160.939221734788,-90,integration hypothesis: center+inner group relative to outer; not an objectively correct answer,0,90,-90,0,90,-70.9392217347877,1.16688039992005,1,0.633755000075325,106.050600009039,33.2491294250735,0,1,,0,NONE,0.0166856899997219,0.0166201933325889,0.0169984998647124,0,59.9315940795175,2,preferred-external-screen,1920,1080,1920,1080,598,336,60,36.2419979414704,0,1,0,0,25.1.0.2943329 (R2025a),"3.0.19 - Flavor: Manual Install, 03-Jun-2025 15:56:55",win64
RS-MISSION-20260806-JP-TWO-GROUP-MOTION-DEMO,0.6.0,uncommitted,2026-08-27T17:39:36.283Z,ANON-20260827-122917-000,125,6,5,144,144,6,2,0,G10,4,-10,10,0,0,-10,57.2675927903877,0.5,0,0.5,0,0.5,-0.0881634903542325,0.5,0.777861913430206,0,0.866025403784439,0,0.866025403784439,50,[33 50 100],5,25,125,1,[0 250 0],[0 153 255],[255 0 0],20260806,31.3199984757738,31.3199984757738,31.3199984757738,-90,integration hypothesis: center+inner group relative to outer; not an objectively correct answer,0,90,-90,0,90,121.319998475774,1.75098979985341,1,0.951992199989036,144.239063998684,73.3365478525499,0,1,,0,NONE,0.0166856899997219,0.0166823436983493,0.0169979999773204,0,59.9315940795175,2,preferred-external-screen,1920,1080,1920,1080,598,336,60,36.2419979414704,0,1,0,0,25.1.0.2943329 (R2025a),"3.0.19 - Flavor: Manual Install, 03-Jun-2025 15:56:55",win64
RS-MISSION-20260806-JP-TWO-GROUP-MOTION-DEMO,0.6.0,uncommitted,2026-08-27T17:39:41.028Z,ANON-20260827-122917-000,126,6,6,144,144,6,2,0,G05,3,-5,5,0,0,-5,58.6976969629121,0.5,0,0.5,0,0.5,-0.043744331762962,0.5,0.822281072021477,0,0.866025403784439,0,0.866025403784439,50,[33 50 100],5,25,125,0,[0 250 0],[255 0 0],[0 153 255],20260806,39.8701479741285,39.8701479741285,39.8701479741285,-90,integration hypothesis: center+inner group relative to outer; not an objectively correct answer,0,90,-90,0,90,129.870147974128,1.88442240003496,1,1.20136589999311,174.163907999173,113.353252125201,0,1,,0,NONE,0.0166856899997219,0.0166235991676028,0.0169177998322994,0,59.9315940795175,2,preferred-external-screen,1920,1080,1920,1080,598,336,60,36.2419979414704,0,1,0,0,25.1.0.2943329 (R2025a),"3.0.19 - Flavor: Manual Install, 03-Jun-2025 15:56:55",win64
RS-MISSION-20260806-JP-TWO-GROUP-MOTION-DEMO,0.6.0,uncommitted,2026-08-27T17:39:45.507Z,ANON-20260827-122917-000,127,6,7,144,144,6,2,0,G20,6,-20,20,0,0,-20,53.8350223319301,0.5,0,0.5,0,0.5,-0.181985117133101,0.5,0.684040286651337,0,0.866025403784439,0,0.866025403784439,100,[33 50 100],10,50,250,1,[0 250 0],[0 153 255],[255 0 0],20260806,164.898966096431,164.898966096431,164.898966096431,-90,integration hypothesis: center+inner group relative to outer; not an objectively correct answer,0,90,-90,0,90,-105.101033903569,1.60074569983408,1,1.1022950001061,162.275400012732,96.562517597202,0,1,,0,NONE,0.0166856899997219,0.0166840616671834,0.0170215000398457,0,59.9315940795175,2,preferred-external-screen,1920,1080,1920,1080,598,336,60,36.2419979414704,0,1,0,0,25.1.0.2943329 (R2025a),"3.0.19 - Flavor: Manual Install, 03-Jun-2025 15:56:55",win64
RS-MISSION-20260806-JP-TWO-GROUP-MOTION-DEMO,0.6.0,uncommitted,2026-08-27T17:39:50.163Z,ANON-20260827-122917-000,128,6,8,144,144,6,2,0,G20,6,-20,20,0,0,-20,53.8350223319301,0.5,0,0.5,0,0.5,-0.181985117133101,0.5,0.684040286651337,0,0.866025403784439,0,0.866025403784439,33,[33 50 100],3,17,83,1,[0 250 0],[0 153 255],[255 0 0],20260806,-159.449126768803,-159.449126768803,-159.449126768803,-90,integration hypothesis: center+inner group relative to outer; not an objectively correct answer,0,90,-90,0,90,-69.4491267688025,1.78439179994166,1,1.23582089995034,178.298507994041,119.44037872157,0,1,,0,NONE,0.0166856899997219,0.0166438816677934,0.0175077000167221,0,59.9315940795175,2,preferred-external-screen,1920,1080,1920,1080,598,336,60,36.2419979414704,0,1,0,0,25.1.0.2943329 (R2025a),"3.0.19 - Flavor: Manual Install, 03-Jun-2025 15:56:55",win64
RS-MISSION-20260806-JP-TWO-GROUP-MOTION-DEMO,0.6.0,uncommitted,2026-08-27T17:39:55.060Z,ANON-20260827-122917-000,129,6,9,144,144,6,2,0,G15,5,-15,15,0,0,-15,55.6664276634133,0.5,0,0.5,0,0.5,-0.133974596215561,0.5,0.732050807568877,0,0.866025403784439,0,0.866025403784439,100,[33 50 100],10,50,250,1,[0 250 0],[0 153 255],[255 0 0],20260806,-156.753576785382,-156.753576785382,-156.753576785382,-90,integration hypothesis: center+inner group relative to outer; not an objectively correct answer,0,90,-90,0,90,-66.753576785382,2.05122189992107,2,0.66788770002313,110.146524002776,39.1298808752948,0,1,,0,NONE,0.0166856899997219,0.0166400966661361,0.0175290999468416,0,59.9315940795175,2,preferred-external-screen,1920,1080,1920,1080,598,336,60,36.2419979414704,0,1,0,0,25.1.0.2943329 (R2025a),"3.0.19 - Flavor: Manual Install, 03-Jun-2025 15:56:55",win64
RS-MISSION-20260806-JP-TWO-GROUP-MOTION-DEMO,0.6.0,uncommitted,2026-08-27T17:39:59.344Z,ANON-20260827-122917-000,130,6,10,144,144,6,2,0,G10,4,-10,10,0,0,-10,57.2675927903877,0.5,0,0.5,0,0.5,-0.0881634903542325,0.5,0.777861913430206,0,0.866025403784439,0,0.866025403784439,33,[33 50 100],3,17,83,1,[0 250 0],[0 153 255],[255 0 0],20260806,152.603177137987,152.603177137987,152.603177137987,-90,integration hypothesis: center+inner group relative to outer; not an objectively correct answer,0,90,-90,0,90,-117.396822862013,1.40062620001845,1,0.349388600094244,71.9266320113093,7.65075326748179,0,1,,0,NONE,0.0166856899997219,0.0166835316670282,0.0170022998936474,0,59.9315940795175,2,preferred-external-screen,1920,1080,1920,1080,598,336,60,36.2419979414704,0,1,0,0,25.1.0.2943329 (R2025a),"3.0.19 - Flavor: Manual Install, 03-Jun-2025 15:56:55",win64
RS-MISSION-20260806-JP-TWO-GROUP-MOTION-DEMO,0.6.0,uncommitted,2026-08-27T17:40:44.661Z,ANON-20260827-122917-000,131,6,11,144,144,6,2,0,G03,2,-3,3,0,0,-3,59.2319288065877,0.5,0,0.5,0,0.5,-0.0262038896415206,0.5,0.839821514142918,0,0.866025403784439,0,0.866025403784439,50,[33 50 100],5,25,125,1,[0 250 0],[0 153 255],[255 0 0],20260806,166.44456013211,166.44456013211,166.44456013211,-90,integration hypothesis: center+inner group relative to outer; not an objectively correct answer,0,90,-90,0,90,-103.55543986789,42.4600198999979,1,0.967808600049466,146.137032005936,74.7337342131673,0,1,,0,NONE,0.0166856899997219,0.0166824596636623,0.0171721000224352,0,59.9315940795175,2,preferred-external-screen,1920,1080,1920,1080,598,336,60,36.2419979414704,0,1,0,0,25.1.0.2943329 (R2025a),"3.0.19 - Flavor: Manual Install, 03-Jun-2025 15:56:55",win64
RS-MISSION-20260806-JP-TWO-GROUP-MOTION-DEMO,0.6.0,uncommitted,2026-08-27T17:40:48.997Z,ANON-20260827-122917-000,132,6,12,144,144,6,2,0,G03,2,-3,3,0,0,-3,59.2319288065877,0.5,0,0.5,0,0.5,-0.0262038896415206,0.5,0.839821514142918,0,0.866025403784439,0,0.866025403784439,33,[33 50 100],3,17,83,0,[0 250 0],[255 0 0],[0 153 255],20260806,31.5207908117629,31.5207908117629,31.5207908117629,-90,integration hypothesis: center+inner group relative to outer; not an objectively correct answer,0,90,-90,0,90,121.520790811763,1.41739939991385,1,1.00062629999593,150.075155999511,79.6100287034918,0,1,,0,NONE,0.0166856899997219,0.0166898383332106,0.0176665000617504,0,59.9315940795175,2,preferred-external-screen,1920,1080,1920,1080,598,336,60,36.2419979414704,0,1,0,0,25.1.0.2943329 (R2025a),"3.0.19 - Flavor: Manual Install, 03-Jun-2025 15:56:55",win64
RS-MISSION-20260806-JP-TWO-GROUP-MOTION-DEMO,0.6.0,uncommitted,2026-08-27T17:40:54.252Z,ANON-20260827-122917-000,133,6,13,144,144,6,2,0,G03,2,-3,3,0,0,-3,59.2319288065877,0.5,0,0.5,0,0.5,-0.0262038896415206,0.5,0.839821514142918,0,0.866025403784439,0,0.866025403784439,100,[33 50 100],10,50,250,1,[0 250 0],[0 153 255],[255 0 0],20260806,-135.997999984756,-135.997999984756,-135.997999984756,-90,integration hypothesis: center+inner group relative to outer; not an objectively correct answer,0,90,-90,0,90,-45.9979999847557,2.38571629999205,1,1.70284519996494,234.341423995793,216.210658407666,0,1,,0,NONE,0.0166856899997219,0.0166838890755502,0.0170320000033826,0,59.9315940795175,2,preferred-external-screen,1920,1080,1920,1080,598,336,60,36.2419979414704,0,1,0,0,25.1.0.2943329 (R2025a),"3.0.19 - Flavor: Manual Install, 03-Jun-2025 15:56:55",win64
RS-MISSION-20260806-JP-TWO-GROUP-MOTION-DEMO,0.6.0,uncommitted,2026-08-27T17:40:58.477Z,ANON-20260827-122917-000,134,6,14,144,144,6,2,0,G45,8,-45,45,0,0,-45,36.2060231130031,0.5,0,0.5,0,0.5,-0.5,0.5,0.366025403784439,0,0.866025403784439,0,0.866025403784439,50,[33 50 100],5,25,125,0,[0 250 0],[255 0 0],[0 153 255],20260806,-22.3228144525663,-22.3228144525663,-22.3228144525663,-90,integration hypothesis: center+inner group relative to outer; not an objectively correct answer,0,90,-90,0,90,67.6771855474337,1.3338240000885,1,0.73415179993026,118.098215991631,44.5201413708371,0,1,,0,NONE,0.0166856899997219,0.0166835781507695,0.016992999939248,0,59.9315940795175,2,preferred-external-screen,1920,1080,1920,1080,598,336,60,36.2419979414704,0,1,0,0,25.1.0.2943329 (R2025a),"3.0.19 - Flavor: Manual Install, 03-Jun-2025 15:56:55",win64
RS-MISSION-20260806-JP-TWO-GROUP-MOTION-DEMO,0.6.0,uncommitted,2026-08-27T17:41:03.963Z,ANON-20260827-122917-000,135,6,15,144,144,6,2,0,G15,5,-15,15,0,0,-15,55.6664276634133,0.5,0,0.5,0,0.5,-0.133974596215561,0.5,0.732050807568877,0,0.866025403784439,0,0.866025403784439,50,[33 50 100],5,25,125,0,[0 250 0],[255 0 0],[0 153 255],20260806,160.267919885816,160.267919885816,160.267919885816,-90,integration hypothesis: center+inner group relative to outer; not an objectively correct answer,0,90,-90,0,90,-109.732080114184,2.55178480013274,2,1.33482190012001,190.178628014401,171.762665351351,0,1,,0,NONE,0.0166856899997219,0.0166901683337831,0.0176085999701172,0,59.9315940795175,2,preferred-external-screen,1920,1080,1920,1080,598,336,60,36.2419979414704,0,1,0,0,25.1.0.2943329 (R2025a),"3.0.19 - Flavor: Manual Install, 03-Jun-2025 15:56:55",win64
RS-MISSION-20260806-JP-TWO-GROUP-MOTION-DEMO,0.6.0,uncommitted,2026-08-27T17:41:08.426Z,ANON-20260827-122917-000,136,6,16,144,144,6,2,0,G00,1,-0,0,0,0,0,60,0.5,0,0.5,0,0.5,0,0.5,0.866025403784439,0,0.866025403784439,0,0.866025403784439,100,[33 50 100],10,50,250,0,[0 250 0],[255 0 0],[0 153 255],20260806,-151.791703715747,-151.791703715747,-151.791703715747,-90,integration hypothesis: center+inner group relative to outer; not an objectively correct answer,0,NaN,-90,0,NaN,-61.7917037157465,1.55072290007956,1,0.851089200004935,132.130704000592,59.3951874669656,0,1,,0,NONE,0.0166856899997219,0.0166815141662179,0.0170082000549883,0,59.9315940795175,2,preferred-external-screen,1920,1080,1920,1080,598,336,60,36.2419979414704,0,1,0,0,25.1.0.2943329 (R2025a),"3.0.19 - Flavor: Manual Install, 03-Jun-2025 15:56:55",win64
RS-MISSION-20260806-JP-TWO-GROUP-MOTION-DEMO,0.6.0,uncommitted,2026-08-27T17:41:12.875Z,ANON-20260827-122917-000,137,6,17,144,144,6,2,0,G45,8,-45,45,0,0,-45,36.2060231130031,0.5,0,0.5,0,0.5,-0.5,0.5,0.366025403784439,0,0.866025403784439,0,0.866025403784439,100,[33 50 100],10,50,250,1,[0 250 0],[0 153 255],[255 0 0],20260806,162.442825053004,162.442825053004,162.442825053004,-90,integration hypothesis: center+inner group relative to outer; not an objectively correct answer,0,90,-90,0,90,-107.557174946996,1.56830210005865,1,0.984230099944398,148.107611993328,78.1696802383437,0,1,,0,NONE,0.0166856899997219,0.0166349041683134,0.0176045999396592,0,59.9315940795175,2,preferred-external-screen,1920,1080,1920,1080,598,336,60,36.2419979414704,0,1,0,0,25.1.0.2943329 (R2025a),"3.0.19 - Flavor: Manual Install, 03-Jun-2025 15:56:55",win64
RS-MISSION-20260806-JP-TWO-GROUP-MOTION-DEMO,0.6.0,uncommitted,2026-08-27T17:41:16.197Z,ANON-20260827-122917-000,138,6,18,144,144,6,2,0,G30,7,-30,30,0,0,-30,49.1066053508691,0.5,0,0.5,0,0.5,-0.288675134594813,0.5,0.577350269189626,0,0.866025403784439,0,0.866025403784439,50,[33 50 100],5,25,125,0,[0 250 0],[255 0 0],[0 153 255],20260806,83.8905155900759,83.8905155900759,83.8905155900759,-90,integration hypothesis: center+inner group relative to outer; not an objectively correct answer,0,90,-90,0,90,173.890515590076,0.434113700175658,0,0,0,0,0,1,,0,NONE,0.0166856899997219,0.0166902100007671,0.0174756001215428,0,59.9315940795175,2,preferred-external-screen,1920,1080,1920,1080,598,336,60,36.2419979414704,0,1,0,0,25.1.0.2943329 (R2025a),"3.0.19 - Flavor: Manual Install, 03-Jun-2025 15:56:55",win64
RS-MISSION-20260806-JP-TWO-GROUP-MOTION-DEMO,0.6.0,uncommitted,2026-08-27T17:41:21.382Z,ANON-20260827-122917-000,139,6,19,144,144,6,2,0,G30,7,-30,30,0,0,-30,49.1066053508691,0.5,0,0.5,0,0.5,-0.288675134594813,0.5,0.577350269189626,0,0.866025403784439,0,0.866025403784439,33,[33 50 100],3,17,83,0,[0 250 0],[255 0 0],[0 153 255],20260806,179.768020090299,179.768020090299,179.768020090299,-90,integration hypothesis: center+inner group relative to outer; not an objectively correct answer,0,90,-90,0,90,-90.2319799097013,2.3023138998542,1,1.56769699999131,218.123639998958,184.583264460574,0,1,,0,NONE,0.0166856899997219,0.0166700208326802,0.016932399943471,0,59.9315940795175,2,preferred-external-screen,1920,1080,1920,1080,598,336,60,36.2419979414704,0,1,0,0,25.1.0.2943329 (R2025a),"3.0.19 - Flavor: Manual Install, 03-Jun-2025 15:56:55",win64
RS-MISSION-20260806-JP-TWO-GROUP-MOTION-DEMO,0.6.0,uncommitted,2026-08-27T17:41:25.600Z,ANON-20260827-122917-000,140,6,20,144,144,6,2,0,G45,8,-45,45,0,0,-45,36.2060231130031,0.5,0,0.5,0,0.5,-0.5,0.5,0.366025403784439,0,0.866025403784439,0,0.866025403784439,33,[33 50 100],3,17,83,1,[0 250 0],[0 153 255],[255 0 0],20260806,-25.2077579914754,-25.2077579914754,-25.2077579914754,-90,integration hypothesis: center+inner group relative to outer; not an objectively correct answer,0,90,-90,0,90,64.7922420085246,1.31728879990987,1,0.599497299874201,101.939675984904,28.7026488458795,0,1,,0,NONE,0.0166856899997219,0.0166781524991772,0.0170340999029577,0,59.9315940795175,2,preferred-external-screen,1920,1080,1920,1080,598,336,60,36.2419979414704,0,1,0,0,25.1.0.2943329 (R2025a),"3.0.19 - Flavor: Manual Install, 03-Jun-2025 15:56:55",win64
RS-MISSION-20260806-JP-TWO-GROUP-MOTION-DEMO,0.6.0,uncommitted,2026-08-27T17:41:30.604Z,ANON-20260827-122917-000,141,6,21,144,144,6,2,0,G20,6,-20,20,0,0,-20,53.8350223319301,0.5,0,0.5,0,0.5,-0.181985117133101,0.5,0.684040286651337,0,0.866025403784439,0,0.866025403784439,50,[33 50 100],5,25,125,1,[0 250 0],[0 153 255],[255 0 0],20260806,37.9669707241703,37.9669707241703,37.9669707241703,-90,integration hypothesis: center+inner group relative to outer; not an objectively correct answer,0,90,-90,0,90,127.96697072417,2.15142520004883,1,1.33328370004892,189.994044005871,136.518300385074,0,1,,0,NONE,0.0166856899997219,0.016683082352588,0.0169526000972837,0,59.9315940795175,2,preferred-external-screen,1920,1080,1920,1080,598,336,60,36.2419979414704,0,1,0,0,25.1.0.2943329 (R2025a),"3.0.19 - Flavor: Manual Install, 03-Jun-2025 15:56:55",win64
RS-MISSION-20260806-JP-TWO-GROUP-MOTION-DEMO,0.6.0,uncommitted,2026-08-27T17:41:34.685Z,ANON-20260827-122917-000,142,6,22,144,144,6,2,0,G00,1,-0,0,0,0,0,60,0.5,0,0.5,0,0.5,0,0.5,0.866025403784439,0,0.866025403784439,0,0.866025403784439,33,[33 50 100],3,17,83,0,[0 250 0],[255 0 0],[0 153 255],20260806,110.716405553151,110.716405553151,110.716405553151,-90,integration hypothesis: center+inner group relative to outer; not an objectively correct answer,0,NaN,-90,0,NaN,-159.283594446849,1.20067810011096,0,0,0,0,0,1,,0,NONE,0.0166856899997219,0.0166839277313067,0.0169392998795956,0,59.9315940795175,2,preferred-external-screen,1920,1080,1920,1080,598,336,60,36.2419979414704,0,1,0,0,25.1.0.2943329 (R2025a),"3.0.19 - Flavor: Manual Install, 03-Jun-2025 15:56:55",win64
RS-MISSION-20260806-JP-TWO-GROUP-MOTION-DEMO,0.6.0,uncommitted,2026-08-27T17:41:38.664Z,ANON-20260827-122917-000,143,6,23,144,144,6,2,0,G05,3,-5,5,0,0,-5,58.6976969629121,0.5,0,0.5,0,0.5,-0.043744331762962,0.5,0.822281072021477,0,0.866025403784439,0,0.866025403784439,100,[33 50 100],10,50,250,1,[0 250 0],[0 153 255],[255 0 0],20260806,65.2297768561674,65.2297768561674,65.2297768561674,-90,integration hypothesis: center+inner group relative to outer; not an objectively correct answer,0,90,-90,0,90,155.229776856167,1.11698139994405,0,0,0,0,0,1,,0,NONE,0.0166856899997219,0.0166425750008784,0.0175449999514967,0,59.9315940795175,2,preferred-external-screen,1920,1080,1920,1080,598,336,60,36.2419979414704,0,1,0,0,25.1.0.2943329 (R2025a),"3.0.19 - Flavor: Manual Install, 03-Jun-2025 15:56:55",win64
RS-MISSION-20260806-JP-TWO-GROUP-MOTION-DEMO,0.6.0,uncommitted,2026-08-27T17:41:43.954Z,ANON-20260827-122917-000,144,6,24,144,144,6,2,0,G05,3,-5,5,0,0,-5,58.6976969629121,0.5,0,0.5,0,0.5,-0.043744331762962,0.5,0.822281072021477,0,0.866025403784439,0,0.866025403784439,33,[33 50 100],3,17,83,1,[0 250 0],[0 153 255],[255 0 0],20260806,128.843574476419,128.843574476419,128.843574476419,-90,integration hypothesis: center+inner group relative to outer; not an objectively correct answer,0,90,-90,0,90,-141.156425523581,2.41946399980225,1,1.46799640008248,206.159568009898,163.367590417751,0,1,,0,NONE,0.0166856899997219,0.0166826915962449,0.017083500046283,0,59.9315940795175,2,preferred-external-screen,1920,1080,1920,1080,598,336,60,36.2419979414704,0,1,0,0,25.1.0.2943329 (R2025a),"3.0.19 - Flavor: Manual Install, 03-Jun-2025 15:56:55",win64
